,0
0,하얀 고양인 줄 알았는데...?(62)
1,뽑을 마음도 없으면서 매일 면접을 보는 사...(91)
2,"살에 대한 강박증의 폐해, 살을 빼야 할지 ...(94)"
3,30대에 자만추는 도대체 어떻게 해야 하는 ...(154)
4,우리 집 사진을 내 허락도 없이 자기 SNS에...(80)
5,독립 후에도 계속되는 부모님의 간섭 때문...(53)
6,그날이면 짜증 내고 화내도 다 이해해 줘야...(64)
7,갈수록 더 어렵고 피하고만 싶어지는 사람...(27)
8,알바할 때 돈 받은 만큼은 일해야 하는 거 ...(323)
9,"집착 심하고 질투가 많은 연애, 이게 맞는 ...(18)"
10,울 강아지 웃으면서 잔다!(53)
11,"일 많고 일손 부족한 스타트업, 직원이 다 ...(30)"
12,만나기 전날 자꾸 이런저런 핑계로 약속을 ...(94)
13,전화 한 통 받는 게 그렇게 힘든 일인지......(46)
14,남친과 밥 문제로 싸웠는데 제가 이기적인 ...(94)
15,"아침마다 머리 세팅을 부탁하는 남편, 참고...(94)"
16,경제적으로 너무 힘든 대학생 그래도 열심...(25)
17,울 강아지 웃으면서 잔다!(46)
18,"일 많고 일손 부족한 스타트업, 직원이 다 ...(22)"
19,만나기 전날 자꾸 이런저런 핑계로 약속을 ...(67)
20,전화 한 통 받는 게 그렇게 힘든 일인지......(38)
21,남친과 밥 문제로 싸웠는데 제가 이기적인 ...(57)
22,"아침마다 머리 세팅을 부탁하는 남편, 참고...(62)"
23,경제적으로 너무 힘든 대학생 그래도 열심...(16)
24,이런 남자 친구와 결혼해도 될지 고민이 됩...(98)
25,다른 친구들과 같이 있을 때만 날 비꼬고 ...(19)
26,나만 봐주는 사람의 기준이 어떤 것인지 궁...(19)
27,분명 행복한 결혼생활인데 마음엔 슬픔이 ...(25)
28,내게서 멀어지는 게 느껴지는 친구의 마음...(12)
29,해달라는 말도 안 했는데 반찬 해주고 힘든...(17)
30,자취가 너무 하고 싶은데 부모님 설득 방법...(70)
31,"추석 연휴 vs 기념일, 내가 너무 욕심을 부...(27)"
32,진돗개인가? 시바견인가?(125)
33,사무실에서 시끄럽게 개인적인 통화를 하는...(26)
34,"상처가 된 남편의 말, 제가 예민하게 반응...(46)"
35,어린 사람에게 존대하는 게 만만해 보이는 ...(47)
36,"너무 화나는 독서실 알바 후기, 진짜 미친 ...(24)"
37,목숨을 바쳐도 안 아깝게 느껴지는 모성애...(48)
38,내가 국어 전교 9등 한 방법 알려줌(29)
39,"최악을 경험 중인 개떡같은 병원 생활, 진...(28)"
40,남편 술 문제 때문에 속 썩는 분 계시나요?...(56)
41,"이기적이고 게으른 남편, 이혼만이 정답인...(26)"
42,다들 회사 사람들과 주로 어떤 대화를 나누...(49)
43,더 현명하게 월급을 관리할 수 있는 방법 ...(18)
44,왜 딸과 아들을 다르게 대우하는 건지 이해...(55)
45,고양이 구조 1년 2개월 후...(21)
46,"이해 안 가는 꼰대 문화, 이런 어이없는 회...(63)"
47,"사람을 너무 못 믿는 나, 자존감이 낮아서 ...(51)"
48,폭력성 고칠 수 있나요? 정말 한 번의 실수...(78)
49,노크도 없이 내 방에 마음대로 들어오는 아빠(39)
50,직장에서도 직원끼리 적당한 싸움은 필요한...(33)
51,"동거 후 이별 중, 진짜 외톨이가 되어 버린...(34)"
52,결혼하면 지역을 옮길 예정인데 어떤 일을 ...(62)
53,1년 만에 고양이 치타 생존 신고합니다(21)
54,반찬통째로 입에 대고 먹는 거 어떻게 생각...(27)
55,뭘 바라고 한 건 아니지만 아무것도 돌아오...(9)
56,어중간하게 공부한 사람은 취업에서도 어중...(30)
57,일하면서 취미나 운동 시간 배분 어떻게 하...(10)
58,이것도 시짜 사이라고 내 마음이 참 못됐다...(29)
59,자신의 전공을 속이고 뻔뻔하게 학원을 운...(26)
60,"가족들의 폭언에 무감각해진 나, 조언 부탁...(12)"
61,진짜 오랜만에 아기냥 호빵이 47(11)
62,뿌린 거 거둬야 한다며 돌잔치를 강요하는 ...(66)
63,인싸인 것 같지만 정작 주변에 사람이 없는...(35)
64,"사랑하는 사람과의 이별, 연애는 사람을 성...(9)"
65,아무것도 해준 거 없으면서 바라기만 하는 ...(29)
66,선천적으로 몸이 약해 병과 약을 달고 사는...(68)
67,당연한 듯 날 운전사 취급하는 언니와의 말...(15)
68,다리가 긴 우리 집 댕댕이(58)
69,"욕심이 없는 남친, 가치관 차이라지만 너무...(94)"
70,이혼 부모님의 이혼 재산 분할 문제 관련 ...(43)
71,맞벌이 부부분들 가사분담 어떻게 하고 계...(77)
72,사장 아들인 나에게 아버지 뒷담을 하는 과...(61)
73,나와 남친 사이를 지나치게 궁금해하는 친...(30)
74,"너무 어려운 인간관계, 진짜 친구가 없어도...(79)"
75,공용돈 이외의 돈 사용법으로 계속 싸우는 ...(30)
76,나 아까 아깽이 만났는데...(40)
77,주식 중독인 아빠를 더 감싸고 아빠를 원망...(41)
78,"가는 곳마다 힘든 직장 생활, 이직도 고민...(20)"
79,남편은커녕 남친도 없지만 결혼 후 외박 문...(78)
80,"공감 능력이 매우 떨어지는 사람, 조언 부...(32)"
81,삶의 의미가 대체 뭘까? 다들 이렇게 살고 ...(38)
82,흔한 직장인의 흔한 술 파티 33탄(18)
83,"5년의 택배기사 생활을 끝낸 후, 남은 게 ...(270)"
84,회사 내 정치질도 능력이라는 생각이 드는 ...(26)
85,"내 나이 35살, 새로운 꿈에 도전해 봐도 괜...(53)"
86,얼음 냉장고 닫는 소리가 기분 나쁘다는 카...(32)
87,형제 같은 17살 아픈 반려견 안락사 문제로...(74)
88,내 결혼식 날 나와 같은 숍에서 메이크업을...(76)
89,전셋집 하수도 역류 문제 관련 조언 좀 부...(8)
90,제가 만든 오징어 젓갈 자랑 좀 할게요(44)
91,점점 더 선을 넘으며 남의 연애에 오지랖을...(34)
92,최선을 다하면 미련이 없다는 말 솔직히 난...(33)
93,이런 엄마와 잠시 거리를 두고 멀어져도 될...(21)
94,시간이 지나도 잊히지 않는 전 회사에서 있...(13)
95,"결혼의 필요성을 못 느끼는 나, 저 같은 비...(129)"
96,날 못마땅해 하며 자른다는 말을 너무 쉽게...(20)
97,언제든지 마음만 먹으면 결혼할 수 있다 생...(59)
98,스워드 항구의 다양한 보트와 요트(4)
99,계속 참고 살아야 할지 용기를 내 끝내는 ...(55)
100,다이어트 성공 후 유지 중인데 몇 가지 꿀...(11)
101,공용 탕비실 및 화장실을 더럽게 쓰는 타 ...(13)
102,"차였는데 이상하게 덤덤한 느낌, 감정에도 ...(16)"
103,잦은 싸움으로 사소한 애정 표현에 인색해...(16)
104,"점점 더 무기력해지는 인생, 다들 어떻게 ...(24)"
105,엄마랑 매번 이런 일로 싸우는데 한 번 봐...(16)
106,나는 모델이 꿈인 고양이라냥(14)
107,"집안일에 전혀 관심 없는 아내, 제가 예민...(133)"
108,내가 자신을 억지로 사랑하는 거라고 매번 ...(37)
109,친구 말대로 내가 모솔이라 잘 모르고 속이...(46)
110,자기 기분대로 감정적으로 행동하는 가족들(11)
111,"대형마트 속 배려 없는 사람들, 속상해서 ...(91)"
112,고등학생 자녀 한 달 용돈 관련 조언 부탁...(92)
113,흔한 직장인의 흔한 술 파티(5)
114,결혼 전 반대 당했던 상처가 잘 잊히지가 ...(98)
115,나를 너무 통제하려 하는 엄마 때문에 고민...(23)
116,다이어트 중인데 이 정도면 잘하고 있는 건...(15)
117,헤어지자고 하니 지금까지 쓴 돈 청구하는 ...(36)
118,"신경 쓸게 많은 고3, 이 불안감을 어떻게 ...(6)"
119,다들 심장 붙들고 들어와라(16)
120,이렇게 살찐 적은 처음인데 다이어트 팁 좀...(48)
121,엄마랑 아빠랑 월급 문제로 싸우는데 누가 ...(65)
122,학폭 당하던 날 방관하던 친구를 용서해 줘...(73)
123,왜 나에게는 종교적 자유란 없는 것인지 지...(30)
124,나처럼 진짜 친구 한 명도 없는 사람 있어?...(42)
125,"엄마 vs 아빠, 제가 어떤 선택을 하는 게 ...(15)"
126,우리 집 첫째 루이를 소개합니다(19)
127,"술 말고 할 수 있는 퇴근 이후의 삶, 뭐부...(46)"
128,결혼을 약속한 남친이 이런 말을 했다면 어...(158)
129,아기 우는소리 때문에 잠을 설친다며 문을 ...(66)
130,매번 자신의 가족이 우선인 남친이 이해 안...(38)
131,"친구 고민, 제가 어떻게 행동해야 할지 조...(12)"
132,20대 첫 직장에서 다들 첫 월급 어느 정도 ...(34)
133,먹는 걸로 계약직 차별? 괜스레 서럽고 눈...(54)
134,차였는데 눈물 한 방울 안 흘리는 내 모습...(19)
135,"너무 별로인 남친 친구들을 만난 후, 남친...(26)"
136,울 집 애기가 엄지손가락 닮았어?(35)
137,우리 집만 이렇게 개판인 건지 다른 집도 ...(60)
138,12년 지기 친구와 손절을 해야 할지 고민 ...(41)
139,청소를 전혀 하지 않는 여동생을 어떻게 하...(43)
140,나에 대한 기대치가 많이 떨어진 것 같은 ...(26)
141,기본적인 맞춤법을 자꾸 틀리는 남친의 문...(41)
142,업무적인 대화를 제외하곤 입도 뻥긋 안 하...(70)
143,"재미가 없는 내 인생, 왜 살아야 하는지 모...(33)"
144,스워드 가는 길에 만난 멋진 풍경들(3)
145,"매일 똑같이 반복되는 일상, 뭘 위해 사는...(27)"
146,여러분들은 한 달 데이트 비용 보통 얼마 ...(35)
147,술을 너무 좋아하는 남친이 철없어 보이고 ...(47)
148,내가 이상한 건지 이 사람들이 무식한 건지...(13)
149,이직할 곳이 정해지지 않은 상태에서 그만...(24)
150,자식들 앞에서 소리 지르며 싸우는 부모가 ...(37)
151,와~ 음식 사진 진짜 잘 나옴!(25)
152,"부모님 노후 준비 걱정, 어느 정도까지 도...(59)"
153,친구들끼리 오랜만에 가는 휴가에 아이를 ...(55)
154,뭘 믿고 살아보지도 않은 시대를 마음대로 ...(68)
155,"사랑이 식어버린 연애 10년 차, 다들 이렇...(61)"
156,왜 사람들은 친해지면 선을 넘는 건지 그것...(19)
157,"하루에 한 번씩 짜증을 내는 남친, 제가 예...(25)"
158,이런 막말을 들으며 버텨야 할지 퇴사해야 ...(16)
159,친구와의 계산 문제 관련 제가 너무 쪼잔한...(38)
160,내 눈엔 너무 예쁜 똥강아지(49)
161,"인생을 다시 생각하게 되는 요즘, 다들 이...(12)"
162,나를 부정적이고 무기력하게 만드는 남편과...(50)
163,묵묵하지만 든든했던 돌아가신 시아버님이 ...(15)
164,지금까지 회사 생활하며 처음 겪어보는 불...(4)
165,사랑한다는 말이 뭐 그리 대단한 거라고 더...(7)
166,폰 하느라 늦잠 자놓고 왜 안 깨웠냐며 짜...(30)
167,달달 짭짤 맛있는 음식 사진 모음집(12)
168,인생에서 정말 마음 맞는 친구 한두 명이면...(42)
169,다이어트 성공 후 다시 살이 찔까 봐 운동...(48)
170,연인 사이 끝이라는 느낌이 정말 이런 건가...(12)
171,예의 없이 구는 아래 직원 따로 불러서 이...(47)
172,9살 연상 남친과의 결혼을 반대하는 부모님(100)
173,월급 대비 적금 비율을 얼마나 해야 하는지...(31)
174,사무실에서 시끄럽게 코를 팽팽 풀어대는 ...(18)
175,"소심한 내 성격, 사는 게 너무 힘들면 어떻...(12)"
176,손에 손잡고 호수 공원 나들이(4)
177,전 직장 트라우마로 회사 가는 게 자꾸 겁...(19)
178,"너무 비참하고 속상한 기분, 역시 돈이 문...(42)"
179,다이어트해야지 말만 하고 실천을 안 하는 ...(13)
180,"무조건 우리 탓을 하는 고객, 어느 정도여...(21)"
181,육아가 원래 이렇게 힘든 거였는지 너무 벅...(53)
182,30대 3인 가족 저축 및 생활비 상황 좀 봐...(12)
183,불같은 사랑으로 결혼하신 분들 어떻게 사...(20)
184,왕 큰 귀염 댕댕이 보고 가세요(22)
185,공부에 대한 심각성을 느끼면서도 집중을 ...(42)
186,차 없는 30대 중반 남자 보면 어떤 생각 드...(605)
187,사귀는 동안 내게 전화 한 번을 먼저 하지 ...(101)
188,최선을 다해 후회는 없지만 공허하고 힘든 ...(13)
189,"무너져 버린 마음, 이제 날 사랑하며 날 위...(9)"
190,남친과 결혼해서 남은 인생을 함께 하는 게...(30)
191,부정 타니 상갓집 다녀온 후 학원에 나오지...(19)
192,24살에 다시 대학교 입학하는 거 어떻게 생...(31)
193,양모 펠트 두 번째로 해봤는데...(33)
194,"무기력한 느낌, 다들 이 정도는 이겨내면서...(22)"
195,정말 천국이라는 게 있을까요? 여러분의 의...(75)
196,엄마인 날 싫어하고 계속 할머니만 찾는 아이(54)
197,다른 사람들과 있으면 꼭 날 무시하는 친구...(16)
198,이제 그만 행복해지고 싶은데 잊는 방법 좀...(19)
199,"ALASKA, Eklutna Village 축제 3부(3)"
200,입 냄새와 땀 냄새가 너무 심한 옆자리 직...(34)
201,똥 손으로 만드는 고양이 털 공예(10)
202,엄마랑 너무 안 맞아서 독립하고 싶은데 뭐...(55)
203,잦은 다이어트와 요요로 인해 없어진 몸의 ...(34)
204,매번 나와 경쟁하려 하는 자존감 낮은 상사...(11)
205,살아갈 이유도 그렇다고 죽을 용기도 없는 ...(26)
206,인생에 대한 고민이 많은 제게 진심 어린 ...(11)
207,우리 집 식물들 구경하고 가(5)
208,직장에서는 치이고 집에서는 위로받지 못하...(50)
209,"남편과 너무 다른 교육 가치관, 이게 맞는 ...(128)"
210,동서지간 호칭 문제 관련 왜 내가 죄인이 ...(20)
211,다들 대체 어떻게 만나서 어떻게 결혼하는 ...(42)
212,"집 밥, 매일 저녁 수고한 나에게 주는 상 30(22)"
213,친구들과의 여행 시 기름값 관련 조언 부탁...(110)
214,남편아 고마워! 고마운 저희 남편 자랑 좀 ...(46)
215,일도 못하는데 눈치까지 안드로메다로 보내...(9)
216,30대 직장인분들 한 달 순수 용돈으로 보통...(53)
217,"휴가 없는 회사, 최소한의 것은 보장해 주...(44)"
218,무한 반복되는 대학에 대한 열등감 어떻게 ...(22)
219,"매일 새벽마다 들리는 층간 소음, 이러다 ...(27)"
220,"예민해도 너무 예민한 나, 이건 어떻게 고...(25)"
221,표정 변화 장난 아닌 강아지(19)
222,3~40대 직장인분들 다 이 정도 스트레스는 ...(20)
223,회사 내 CCTV 설치에 대해 다들 어떻게 생...(43)
224,계속 이렇게 단체 생활을 해야 한다는 게 ...(57)
225,"너무 끈기가 없는 나, 살 빼고 싶은데 조언...(38)"
226,우리 집 햄스터 보고 가(29)
227,여러분은 살면서 일 잘한다는 말 들어본 적...(64)
228,뚱뚱해도 마음이 똑 부러지고 자존감 높은 ...(51)
229,아무리 사춘기라도 패악을 부리는 동생이 ...(26)
230,별로 예쁘지 않은데도 남자들이 좋아하는 ...(75)
231,"창업한 지 3년 차, 지난 노력과 세월이 너...(20)"
232,덕질하느라 딸의 결혼 자금 적금을 깬 친구...(18)
233,10년 지기 친구에게 손절당했는데 이해가 ...(26)
234,곰이와 여우의 일상 20(3)
235,게임 때문에 이혼하신 분 계시나요? 조언 ...(136)
236,사회 부적응자 같은 남동생을 어떻게 하면 ...(41)
237,일주일에 두 번씩 회식에 만취 상태로 사고...(16)
238,결혼 생활 중 배우자에게 언제 설렘을 느끼...(67)
239,자신만의 이상한 법칙으로 회사 비품을 관...(9)
240,뚱뚱한 사람만 보면 욕하는 시모 때문에 스...(33)
241,나의 동거묘 도칠이의 배신(18)
242,"하기 싫은 일을 계속 시키는 엄마, 내가 어...(40)"
243,내가 어느 집단에도 소속되어 있지 않다는 ...(17)
244,제가 남자 친구를 정말 사랑하는 건지 잘 ...(28)
245,남친과의 장거리 연애와 친정 부모님의 결...(24)
246,위 상황을 고려했을 때 둘 중 누구의 잘못...(45)
247,남녀 보는 눈의 차이인지 취향의 차이인지 ...(21)
248,나와 데이트 중 자꾸 핸드폰을 가리고 문자...(30)
249,남편의 회식 관련 제가 과하게 반응을 하는...(14)
250,신혼 부부의 집들이 음식 성공(30)
251,"이직 후 사내 정치와 텃세, 제가 어떻게 하...(14)"
252,내게는 절대 외모에 대한 칭찬을 안 해주는...(39)
253,여러분은 남을 위해 어디까지 손해를 감수...(31)
254,잘 되길 바라는 마음을 과격한 방식으로 표...(9)
255,세상에서 제일 싫은 동생 때문에 빨리 독립...(32)
256,직장에서 자기 기분대로 행동하는 사람 대...(23)
257,참고 참다 탈이 난 저에게 무엇을 해줘야 ...(17)
258,"직장 동료는 동료일 뿐이라던 여친, 조언 ...(15)"
259,고양이 첫 모닥불 후기(52)
260,사소한 말에 한 번 화가 나면 분노를 못 가...(44)
261,방학해서 다이어트 중인데 내 몸매가 너무 ...(9)
262,어릴 때 혼내고 때린 걸 전혀 기억 못하고 ...(48)
263,여러분 남편들도 다 이런가요? 제가 어쩌면...(79)
264,남자가 관심 있는 여자 앞에서 하는 행동 ...(37)
265,부모님이 원하는 인생 vs 내가 원하는 행복...(22)
266,처음 하는 이별도 아닌데 버티기가 너무 힘...(16)
267,둘 중에 뭐가 더 예뻐?(24)
268,"20대 후반 직장인의 답답한 미래, 제가 예...(32)"
269,열심히 운동과 식단을 해도 빠지지 않는 살...(57)
270,시도 때도 없이 트림을 하는 직장 상사(17)
271,"하나같이 화딱지 나는 손님 유형들, 서비스...(15)"
272,트렌드를 반영하고 싶은 나와 전통 육아 방...(33)
273,거짓말을 아무렇지 않게 일삼는 친구와 어...(19)
274,귀여운 울 집 막내 댕댕이(20)
275,이런 집안과 이런 부모가 정상적이라고 생...(47)
276,기사 자격증 취득한 고졸 vs 자격증 없는 4...(63)
277,"행복함보다 무덤덤함이 큰 재회, 벌써 이별...(10)"
278,"결혼 주선자에게 선물 안 하는 부부, 서운...(132)"
279,각자 서로 자기 자신밖에 모르는 남편과 아내(28)
280,"축하말도 돌 선물도 먹튀한 친구, 나만 친...(42)"
281,죽을 만큼 아무리 열심히 해도 부족하다는 ...(11)
282,내가 그저 철이 없는 건지... 어떻게 극복...(11)
283,글씨체 뭐가 더 나은지 봐줘(67)
284,다들 너무 힘들 때 어떻게 극복하시는지 궁...(72)
285,잘 알지도 못하는 사람의 외모를 지적하며 ...(47)
286,10년의 연애가 끝이 난 후 공허한 마음을 ...(38)
287,테이크 아웃과 매장 취식 관련 여러분은 어...(41)
288,피아노 그만둔 나 자신이 너무 후회되는데 ...(39)
289,술 먹고 폭언 후 아무 일 없었단 듯이 코 ...(45)
290,흔한 직장인의 흔한 술 파티(20)
291,서로 다른 남녀가 만나 합쳐지는 과정인 걸...(50)
292,"남친의 잦은 타지 약속, 신경 쓰지 말라는...(42)"
293,결혼 앞두고 자꾸 안 된다는 엄마 때문에 ...(60)
294,이 정도면 사랑이 아니라 정 때문에 만나는...(39)
295,나도 하고 싶은 거 하며 자유롭게 사는 인...(19)
296,"살을 뺐는데 태가 안 나는 몸매, 뭐가 문제...(88)"
297,"사무실에서 손톱 깎는 옆자리 상사, 제가 ...(42)"
298,갱스터 컴백~ 다들 갱스터 기억해?(17)
299,"프러포즈 받은 후 오르락 내리락하는 기분,...(45)"
300,갈수록 더 어렵고 피하고만 싶어지는 사람...(12)
301,장기 연애하시는 분들 조급하거나 불안하지...(51)
302,이별 5개월 차인데 다들 어떻게 참고 이겨...(23)
303,자가격리 기간 안 지켜도 된다며 나와서 일...(15)
304,요즘 유행하는 옷 입으려면 진짜 다이어트...(24)
305,오늘의 귀여운 키키냥 (17)
306,생활 습관 차이로 인해 계속되는 아내와의 ...(89)
307,독립 후에도 계속되는 부모님의 간섭 때문...(21)
308,조건은 좋지만 업무와 여가가 구분이 안 되...(28)
309,"살에 대한 강박증의 폐해, 살을 빼야 할지 ...(35)"
310,뽑을 마음도 없으면서 매일 면접을 보는 사...(27)
311,친구에게 온 권태기를 어떻게 잘 넘길 수 ...(4)
312,친가 또는 외가 방문 시 할머니 용돈을 꼭 ...(61)
313,"화가 나는 상사의 말, 도대체 왜 이러는 건...(23)"
314,직장 관련 너무 좋은 기회가 왔는데 양심의...(59)
315,운동 없이 야식과 맥주만 끊어도 다이어트...(33)
316,나와 교제 중인 사실을 티 내지 않으려 하...(62)
317,내가 취미로 찍은 사진들(18)
318,"이도 저도 못하는 상황, 어떻게 해야 행복...(18)"
319,고양이를 키우는 남친과 알레르기가 있는 ...(36)
320,좋아하는 수준을 넘어 씻는 행위에 집착하...(36)
321,계곡에서 대형견 목줄을 안 하고 풀어놓는 ...(70)
322,"내 얼굴이 특히 못생겨 보일 때, 여러분들...(49)"
323,남친의 여사친 문제 관련 내가 너무 어른스...(44)
324,오직 알래스칸만을 위한 연어 낚시터(10)
325,중3 사춘기 남동생을 어떻게 대해야 할지 ...(65)
326,"재미없는 삶이 영원할 것 같은 기분, 너희...(41)"
327,꼭 먼저 전화하는 게 자식의 도리인 건지 ...(49)
328,시간이 지날수록 좁아지는 인간관계로 고립...(22)
329,"사람을 미워하는 것, 마음이 너무 불편하고...(25)"
330,성인인데 혼술을 못 하게 하는 부모님 때문...(50)
331,우리 집 귀여운 막내 자랑(20)
332,"연애할 때마다 남친에게 집착하는 나, 애정...(43)"
333,나이 먹고 보니 화내지 않고 그냥 무시하는...(29)
334,사귄 지 4년 차인데도 우리 집을 잘 못 찾...(93)
335,퇴근 후 문자로 업무 지시하는 사장 때문에...(16)
336,성인인데도 내 옷 스타일에 자꾸 간섭을 하...(40)
337,남친을 정말 좋아하지만... 뭔가 갇힌 듯이...(40)
338,예신 없이 처가댁 잔치에 혼자라도 가는 게...(74)
339,다이어트 중 친구가 먹자는 거 거절하는 방...(23)
340,어디에서든 그때그때 할 말 잘하고 잘 화낼...(21)
341,차라리 넌씨눈 스타일로 회사를 다니는 게 ...(17)
342,내 결혼 생활에 대해 자꾸 간섭하는 예민한...(32)
343,이 정도면 나름대로 열심히 산 거 맞는 거죠?(22)
344,일부 상식 없는 노인들 때문에 혐오증이 생...(38)
345,소통이 안 되는 앞 집 상점과의 문제를 어...(6)
346,늦게 와 놓고 사과도 없이 내가 차려놓은 ...(59)
347,"공공장소에서 모르는 사람에게 당한 얼평, ...(20)"
348,먹는데 진심인 흔녀의 캠핑 밥상(30)
349,딸인 내게만 유독 바라고 강요하는 게 많은...(38)
350,친구에게 느끼는 섭섭한 마음을 어떻게 달...(21)
351,열등감과 자격지심이 있는 남자 친구와의 ...(62)
352,회의감이 드는 회사 생활로 다시 이직을 생...(14)
353,참고 또 참다 터져버린 부모님에 대한 원망들(13)
354,이러나저러나 다이어트하면 변비는 자동인 ...(27)
355,맛있는 초코칩 쿠키 만들어봤어(19)
356,내 다이어트 계획 좀 어떤지 한 번 봐주라(32)
357,"친구 사이 권태기, 어떻게 하면 거리를 둘 ...(19)"
358,너무 좋아하는데 '사랑해'라는 말을 하는 ...(46)
359,자꾸 일을 미루는 선임 때문에 답답해 죽겠...(9)
360,무엇을 해야 행복하고 재미있는 휴가를 보...(11)
361,남친에게 차인 후 세게 온 후폭풍 극복하는...(24)
362,각자 가지고 있는 여름 짤 풀어보자(24)
363,공용 공간인 옥상을 본인 것처럼 사용하는 ...(38)
364,업무 지시를 무시하는 신입 대처하는 방법 ...(42)
365,같이 갈 미래가 기대되지 않는 남친과의 연...(14)
366,술 마신 남친이 한 질문의 의미가 뭔지 궁...(37)
367,도대체 폭식은 어떻게 다스려야 하는 거죠?(48)
368,울 집 냥이와 닮은 냥이 한 번도 못 봄(38)
369,이런 상황에서 가족과 독립을 하는 게 좋을...(16)
370,친정 엄마가 미워질까 봐 임신이 두려운 나(78)
371,일하면서도 계속 수다를 떠는 대리 때문에 ...(14)
372,그때의 상처는 얼마나 지나야 아무렇지 않...(8)
373,여러 번의 연애를 거쳐도 유독 잊혀지지 않...(37)
374,흔한 커플의 흔한 술상(38)
375,"모든 게 다 애매한 나, 뭘로 먹고살아야 할...(34)"
376,랍스터를 안 주면 능력 없는 학교? 답답하...(23)
377,미래가 보이지 않는 한심한 친구와 손절을 ...(41)
378,"정신없는 남친의 단점들, 짜증 나 죽겠는데...(53)"
379,져주고 맞춰주면서까지 결혼을 하는 게 맞...(92)
380,말의 앞뒤를 잘라먹는 남친의 화법 때문에 ...(30)
381,불만 많은 계약직 사원을 어찌하면 좋을까요?(61)
382,아름다운 Portage Glacier 빙하지대 (8)
383,이런 상황에 화를 내는 제가 예민하고 이상...(32)
384,조용한 사무실 내 기계식 키보드를 쓰는 회...(75)
385,제 양육이 문제일까요? 솔직히 자신이 없고...(59)
386,아토피 흉터로 여름에도 긴팔과 긴 바지를 ...(41)
387,"이별의 단계, 넌 이제 아무렇지 않을 텐데 ...(7)"
388,매일같이 집 대문 앞에 앉아 날 쳐다보는 ...(56)
389,"결혼 11년 차, 요즘은 식판에 밥 먹어요(81)"
390,이렇게 사는 게 맞는 건지 잘 모르겠습니다(36)
391,다이어트한다는 친구 옆에서 내가 더 스트...(30)
392,나의 모든 걸 따라 하는 친구가 찝찝하고 ...(36)
393,냄새나는 쓰레기를 밖에 내놓는 앞집의 이...(38)
394,구질구질하게 사는 가족이 한심해 보이는 ...(51)
395,"남친과 자꾸 싸우는 나, 이 상황 어떻게 생...(26)"
396,개님들과 함께하는 캠핑과 여행!(31)
397,직장 내 동료 직원의 폭언 행사 현명하게 ...(13)
398,남에게 피해를 준 것도 아닌데 내가 정말 ...(50)
399,남친과 여사친 사이에 괜히 제가 죄인이 된...(29)
400,종교에 심취해 자식들에게 종교를 강요하는...(36)
401,집 청소 관련 제가 유난이고 강박이 있는 ...(46)
402,곰이와 여우의 일상 19(7)
403,"일을 안 하려 하는 직원, 제가 꼰대인 건지...(25)"
404,틈날 때마다 2세 소식을 계속 물어보는 불...(74)
405,머릿속에 드는 쓸데없는 잡생각 좀 버리고 ...(13)
406,욕실에서 쓰던 고무장갑을 설거지할 때 쓰...(78)
407,"유독 한 친구에게만 느끼는 감정, 정 떼는 ...(19)"
408,30살의 내가 먹는 거 기억하기 6탄(18)
409,좋아하면 헷갈리게 하지 않는다던데 자꾸 ...(31)
410,하루 종일 훌쩍거리며 코를 푸는 직원 때문...(35)
411,예고 없이 헤어짐을 말하는 건 이기적이고 ...(38)
412,살에 대한 이야기를 계속 반복하는 회사 사...(14)
413,2년 차 새댁의 요리 & 밑반찬 모음 22(19)
414,술과 친구를 너무 좋아하는 남친과의 반복...(87)
415,여러분은 본인이 진상 손님이 아니라고 생...(31)
416,자식 외모가 별로일까 봐 결혼 후 아이를 ...(157)
417,예비 시모가 주신 돈은 어떻게 하는 게 보...(38)
418,너무 바쁜 남친과의 연애와 결혼 생활에 대...(22)
419,행복하게 해준다던 든든하고 자상했던 사람...(26)
420,"이별 후 한 달, 이제 일상으로 돌아가려고 ...(2)"
421,남친에게 권태기가 온 것 같은데 어떻게 해...(22)
422,날씨가 더울 때는 이렇게 해봐(22)
423,"30살 직장인의 모은 돈, 저 집은 살 수 있...(47)"
424,귀찮다며 어린이집에서 모든 걸 다 하길 바...(60)
425,회사 실장님의 말을 어떻게 받아들여야 할...(39)
426,시아버지 장례식 요금 지불 과정 중 생긴 ...(37)
427,여러분들은 어떻게 스트레스를 풀고 사시나요?(28)
428,"39살 미혼, 홀아버지를 두고 독립을 해도 ...(85)"
429,예신의 술상 & 밥상 기록하기 5탄(8)
430,인생을 쉽게 사는 친구를 보니 힘들고 마음...(93)
431,돈 아끼려 직원 안 뽑아놓고 남의 팀에 피...(24)
432,"가스라이팅 하는 오빠, 내가 빨리 독립하는...(38)"
433,내가 뭐만 하면 전 근무자와 비교하는 편의...(12)
434,28살 5년 차 직장인 저축 방향 좀 조언 부...(9)
435,올해 들어 유난히 신체에 안 좋은 일이 계...(36)
436,배달 음식 리뷰 이벤트에 대한 소비자들의 ...(75)
437,"마마보이 남편과 아들밖에 모르는 시모, 어...(54)"
438,결혼과 육아에 대해 제발 신중하고 또 신중...(46)
439,너무 힘든 사랑은 끝내는 게 맞겠죠? 제가 ...(24)
440,"Seward 가는 길, 출발해 볼까요?(7)"
441,음식 먹을 때 쩝쩝대는 사람 어떻게 생각하...(71)
442,눈을 뜨는 순간부터 불안과 강박에 시달리...(17)
443,"출산 후 드는 나쁜 생각들, 제가 배가 부른...(56)"
444,"잦은 결근과 지각을 하는 직원, 해고 사유...(23)"
445,"종교를 강요하는 남친, 참고 결혼해야 하는...(105)"
446,화장품으로 그림 한 번 그려봤음(19)
447,헤어지고 싶은 이유 vs 헤어지지 말아야 할...(44)
448,여러분들은 과거는 다 극복할 수 있다고 생...(63)
449,"부부 사이 의견 충돌, 제3자의 의견이 듣고...(163)"
450,내가 지금 올바른 다이어트를 하고 있는 건...(27)
451,손절 후 다른 사람들에게 내 이야기를 하고...(20)
452,"용하고 영험한 신점, 여러분은 어디까지 믿...(63)"
453,회사 사람들 간의 정치를 어떻게 대처해야 ...(13)
454,내 동생이 열심히 만든 건데 어때?(59)
455,만성 피해의식 극복해 보신 분들의 조언이 ...(40)
456,"쓸데없는 걱정이 너무 많아 불안한 나, 해...(19)"
457,"너무 예민해 자주 아픈 나, 이런 성격 어떻...(41)"
458,"격렬하게 결혼을 반대하는 부모님, 조언 좀...(99)"
459,남자 친구와 연애를 시작한 이후 눈물이 많...(26)
460,"경영 악화로 인한 인원 감축, 쓸모없는 사...(41)"
461,자취도 아니고 대학교 기숙사 생활을 반대...(30)
462,이렇게 아등바등 살아야 하는 이유가 뭔지....(41)
463,후다닥 만들어 본 고소한 들기름 막국수!(13)
464,급여 조건에 관해 이렇게 물어보는 건 선을...(41)
465,"마마보이만큼 유해한 시스터 보이, 이건 내...(23)"
466,이런 회사를 계속 다녀야 하는 건지 고민이...(10)
467,"집 밥, 매일 저녁 수고한 나에게 주는 상 29(33)"
468,31살의 현실적인 결혼 고민 관련 조언 좀 ...(108)
469,여러분의 삶의 목표는 무엇인가요? 저 늦은...(21)
470,싸우면 말을 안 하는 남편의 심리가 뭔지 ...(82)
471,남의 눈치를 너무 보는 성격 고칠 수 있는 ...(22)
472,회사에서는 일만 하고 싶은데 각종 행사 꼭...(71)
473,전 남친의 작은 소식 하나에도 부서지는 내...(33)
474,난 할 만큼 했다고 생각하는데 자꾸 서운하...(15)
475,알래스카의 여유로운 백야의 풍경(18)
476,육아 어디까지 해보셨나요? 하루가 참 기네요(55)
477,이 나이에 인생 이렇게 살아서는 안되는 거...(13)
478,흔한 직장인의 흔한 술 파티(18)
479,무기력한 아내에게 힘이 되어주고 싶습니다(53)
480,사람들에게 피해를 주면서까지 혼잣말을 해...(32)
481,"사람을 갉아먹는 인간관계, 쿨하고 싶은데 ...(7)"
482,내가 인생을 잘못 산 건지 다들 이렇게 사...(35)
483,겁 많은 장난꾸러기 왕티즈입니다(30)
484,이것만 알아도 인간관계에서 상처받고 손해...(27)
485,"2달 반 만에 퇴사, 이 정도면 퇴사할만하지...(28)"
486,"모든 게 벅찬 나, 언제쯤 나아질 수 있을지...(13)"
487,육아를 대신해주는 내게 이 정도도 못해주...(44)
488,시댁 방문과 연락 한 달에 몇 번씩 하시나요?(50)
489,일반인이 취미로 찍은 일상 사진들(35)
490,내가 예민한 건지 상사가 이상한 건지 조언...(14)
491,사과와 함께 준 선물은 받고 답장을 안 하...(17)
492,인생에서 처음 사귄 남자 친구와의 결혼 괜...(114)
493,직장에서 관심 없는 상사에게 선 긋는 법 ...(25)
494,다들 이렇게 사는데 나만 바라는 게 많은 ...(21)
495,남친 가족들 첫 만남 관련 조언 좀 부탁드...(56)
496,00-04년생이면 다 공감하는 추억들(51)
497,"일이 적은 비수기, 회사에서 할 수 있는 자...(30)"
498,정말 많이 안 먹는데 살이 안 빠지는 이유...(32)
499,강아지 산책하다가 갑작스럽게 당한 봉변 ...(49)
500,혼자 다니긴 죽어도 싫은데 친구가 없어 걱...(27)
501,"5년 연애 후 이별, 어떻게 잊고 살아야 할...(27)"
502,남자 친구의 여사친을 신경 쓰는 제가 예민...(22)
503,인턴 근무 중 퇴사하고 싶은데 어떻게 해야...(26)
504,물안개와 함께 드라이브해본 적 있나요?(9)
505,이상하게 반하거나 설레본 경험 있어?(45)
506,나이가 들수록 인간관계는 다 필요없고 부...(146)
507,예체능 때문에 시험 포기하는 거 어떻게 생...(18)
508,남친의 성격과 경제력 때문에 결혼을 반대...(65)
509,누수 문제로 인한 아래층 업장과의 계속되...(18)
510,현재에 만족하지 못하고 갈수록 돈에 너무 ...(26)
511,한국에 와서 먹은 맛있는 음식들(26)
512,나를 배려해주지 않는 엄마 아빠가 너무 미워(19)
513,일을 시작하기도 전에 겁부터 먹고 도망치...(12)
514,근로자의 기본적인 권리도 지켜지지 않는 ...(17)
515,재밌고 싹싹한 며느리가 될 수 있는 꿀팁 ...(87)
516,코로나 부작용으로 심각할 정도로 빠지는 ...(35)
517,강아지 심바를 사랑하는 고양이 레오(23)
518,비혼은 아니지만 결혼을 원하지 않는 남자친구(256)
519,자주 붙어 있으면 짜증나고 숨막히고 싸우...(266)
520,"자꾸 내 음식을 훔쳐먹는 동생, 제발 해결 ...(55)"
521,"직장 vs 사업, 여러분이라면 무슨 선택을 ...(36)"
522,동거 중 한 달 생활비가 너무 비싸다는 남...(107)
523,우울을 핑계로 점점 더 게을러지고 죄책감...(13)
524,너무 돈을 아끼는 남자친구 어떻게 생각하...(63)
525,쩝쩝을 넘어 쫩쫩 소리를 내며 음식을 먹는...(20)
526,저 만족한 표정... 좀 짜증 나...(34)
527,"아이 키우는 분들, 저만 잠 때문에 힘든 거...(112)"
528,아직도 초등학생에 머무른 듯 정신을 못 차...(40)
529,술을 너무 좋아하는 남친 때문에 스트레스...(41)
530,현재의 감정에 충실해야 나중에 후회하지 ...(17)
531,예신의 술상 & 밥상 기록하기 3탄(21)
532,"나와 안 맞는 것 같은 회사, 빠른 퇴사가 ...(57)"
533,"교집합이 없는 친구, 갈수록 맞는 게 없어 ...(23)"
534,조금이라도 자기 심기를 건드리면 쉽게 삐...(13)
535,"헤어진 지 반년 째, 재회해서 후회 없이 사...(17)"
536,이거 내가 남자 친구에게 서운해할 만한 일...(34)
537,"점점 망가져가는 느낌, 이 괴로운 시간이 ...(16)"
538,복부 비만 다이어트 한 달 됐는데 살 빠진 ...(32)
539,밥상 예절도 버릇도 없는 아이를 혼내지 않...(68)
540,"어린이집 교사 4년 차, 다 괜찮아질 거라는...(112)"
541,매주 찾아오는 시어머니가 솔직히 부담스럽...(49)
542,다이어트 고수님들! 하루 정도 굶는 건 괜...(30)
543,창업을 생각 중인데 어디부터 시작해야 할...(45)
544,"결혼에 대한 자신이 없는 나, 결국 헤어졌...(90)"
545,근로 계약서 작성 시 잘못된 부분 물어보는...(87)
546,누구보다 사람을 좋아했던 나였는데 왜 이...(16)
547,못생긴 사람이 자기 예쁘냐고 물어볼 때 대...(77)
548,화병과 공황장애로 퇴사 후 회사 가기가 싫...(31)
549,나 글씨체 진짜 용됐지?(49)
550,여러분이라면 둘 중 어떤 회사를 선택하실 ...(31)
551,"장녀의 무게, 나도 사랑만 받으며 한숨 안 ...(47)"
552,"경력 17년 차 박봉 직장인의 월급 관리, 잘...(37)"
553,정해진 마감 기한보다 더 일찍 안 준다고 ...(20)
554,회사 단톡방의 물음표 살인마 때문에 너무 ...(28)
555,신랑이 싫은 건 아닌데 자유롭게 혼자 살고...(66)
556,대학생 자녀 용돈으로 도대체 얼마 정도가 ...(65)
557,나 vs 남자 친구의 양모 펠트 대결!(22)
558,간헐적 단식해 보신 다이어트 달인들의 조...(37)
559,"아끼는 친구의 심각한 술문제, 손절만이 답...(45)"
560,자기 자신이 싫고 스스로의 인생이 싫은 분...(49)
561,원래 회사가 다 이런 건지 내가 다니는 회...(25)
562,정치질하며 날 투명 인간 취급하는 직장 내...(17)
563,외로움이라는 건 왜 이렇게 갑자기 한순간...(19)
564,하루 종일 짜증을 부리는 초4 딸아이가 밉...(71)
565,아직 20대인데 듬성듬성 보이는 흰머리 때...(42)
566,ALYESKA 스키장의 이벤트(4)
567,"직장 동기를 좋아하는 중, 좋아하는 감정이...(43)"
568,친구들에게 속마음을 말하지 못하는 게 익...(32)
569,"29살 직장인 월급 지출 내역, 다른 분들도 ...(38)"
570,성향이 너무 안 맞는 시모가 밉고 짜증이 ...(53)
571,아주 오래된 짝사랑의 마침표를 찍으려 합니다(20)
572,"밖에서 쓰러진 이후 생긴 트라우마, 나 왜 ...(18)"
573,이런 사람과 결혼을 하는 게 맞는 건지 자...(62)
574,갑질하는 팀장의 승진을 막을 수 있는 방법(19)
575,"용서도 이해도 다 필요 없는 지경, 간절히 ...(49)"
576,사라지지 않는 이유 없는 무력감 때문에 답...(12)
577,인생 첫 다이어트 시작해 보려 하는데 조언...(35)
578,노을 지는 호수와 아름다운 경비행기(8)
579,내 취향은 무시하고 자신의 취향을 강요하...(46)
580,만날 때마다 며느리 월급을 물어보며 막말...(145)
581,2일 일하고 문자로 퇴사 통보 후 잠수탔는...(116)
582,단둘이 있을 때와 여럿이 있을 때 나에 대...(16)
583,"29살에 모태 솔로인 남자, 심각한 건지 조...(96)"
584,평생 이렇게 살 수는 없는 건데 진짜 전 왜...(11)
585,자기 전 일기 쓰는 게 정상적이지 않은 행...(43)
586,저 월급 관리 잘하고 있는 거 맞나요? 조언...(38)
587,우리 버들이 잘 가라고 응원해 주세요(89)
588,다이어트 중인데 오히려 더 살이 찌고 있는...(65)
589,나만 생일 선물 비싼 거 받으면 부담스러워?(39)
590,남들은 연애도 결혼도 순탄한 것 같은데 난...(29)
591,"호스피스에 간다는 아빠, 이별이 정말 얼마...(35)"
592,스트레스를 받으면 자제 능력을 잃고 미친 ...(13)
593,그냥 갑자기 눈에 띄어서 찍어봤어(12)
594,"세후 소득, 이 정도면 괜찮은 연봉인지 궁...(162)"
595,자기가 무례한 줄도 모르고 외모 평가를 해...(66)
596,"남친과의 대화, 제가 뭐라고 대답을 했었어...(168)"
597,한숨을 푹푹 쉬며 키보드로 화풀이하는 민...(19)
598,"자기하는 것만 바쁜 직원, 그냥 대놓고 할 ...(7)"
599,6월에 먹었던 맛있는 음식들(9)
600,회사에서 하고 싶은 말을 하는 게 맞는 걸...(21)
601,"힘들고 지친 맞벌이 부부의 삶, 어떻게 조...(46)"
602,회사에도 멋진 어른이 있을 수가 있구나를 ...(12)
603,갑자기 헤어지자는 여자 친구의 이유가 납...(114)
604,"삶의 모든 게 거짓말이었던 친구, 충격에서...(20)"
605,스스로의 행동거지 하나하나에 의미를 부여...(7)
606,내가 먹은 거 기억하기 5탄(23)
607,"기분 나쁜 매장의 응대, 제가 진상인 건지 ...(61)"
608,내가 편하다며 나에게만 힘든 이야기를 털...(27)
609,헤어진 후 괜찮은 줄 알았는데 역시 아직은...(14)
610,시집 살이는 없지만 어색하고 불편하게 느...(35)
611,흔한 직장인의 흔한 술 파티(5)
612,무슨 일이 있던 것도 아닌데 갑자기 연락을...(46)
613,소심한 성격과는 달리 세 보이는 외모 때문...(27)
614,중학교 입학할 즈음부터 심해진 나의 가구...(38)
615,카페 마감 알바라는 게 원래 이런 건지 스...(81)
616,소심한 남자가 좋아하는 사람이 생겼을 때 ...(5)
617,알래스카 숲속에서의 축제(16)
618,술 마시고 대리비 반반하자고 한 내가 쪼잔...(40)
619,사람들의 옷을 트집 잡는 특이한 사고를 가...(35)
620,인생이 재미가 없고 심심하다 느껴질 땐 어...(21)
621,사랑꾼 곰이의 모습을 담아봤어요(6)
622,고3 때 다들 얼마나 살쪘고 얼마나 많이 먹...(56)
623,회사에서 왕따로 버티기가 너무 힘이 드네요(52)
624,"회사 생활과 집안일에 지친 나, 엄마라는 ...(33)"
625,결혼 준비 전 내 이력서를 보고 싶어 하시...(76)
626,원래 비즈니스 메일은 다 이렇게 쓰는 건가요?(21)
627,너네들 혹시 곱창 좋아해?(58)
628,30대에 대학을 다시 가는 건 정말 미친 짓...(233)
629,부질없게 느껴지는 친구들과의 모임 그만하...(37)
630,"40대 중반 취업 문제 고민, 어떻게 해야 할...(36)"
631,너무 협소하게 친구를 사귀는 게 아닌지 고...(14)
632,아무것도 모르는 지방러가 서울살이 재취업...(23)
633,키우는 반려동물 자랑해 주라!(80)
634,"쉼 없이 달려온 27살, 지금 놀면 나중에 후...(62)"
635,자식 된 도리로 돈을 빌려줘야 할지 냉정하...(114)
636,고마운 줄 모르고 바라기만 하는 가난한 시...(76)
637,친척들에게 내 외모가 형편없다며 뒷담화를...(63)
638,배려심이 뛰어난 호구? 사람이 이렇게 성장...(11)
639,"지칠 대로 지쳐버린 결혼 7년 차, 이혼하고...(31)"
640,중간고사 끝나고 먹은 것들(30)
641,여러분은 지금 행복하신가요? 사는 게 재밌...(104)
642,회식 때마다 자기 집 놔두고 남의 집에서 ...(26)
643,"결혼 후 알게 된 남편의 빚과 배신감, 어떻...(119)"
644,거래처와 다른 직원들에게 퇴사한 직원 험...(21)
645,구름 따라 계곡을 만나러 갑니다(15)
646,"회사에서 할 줄 아는 게 없는 나, 조언 부...(40)"
647,아무것도 안 하면서 꼬박꼬박 제사를 고집...(48)
648,"내 점심 메뉴에 집착하는 동료, 대체 왜 그...(70)"
649,그놈의 돈이 뭔지 사람을 한없이 작아지게 ...(62)
650,외모 때문에 자존감이 떨어질 때 다들 어떻...(54)
651,나 마라탕 진짜 많이 먹은 듯(99)
652,"나이를 먹어도 사람 마음, 특히 여자 마음...(42)"
653,인사 못 받으면 뭐 잘못되는 것 마냥 구는 ...(135)
654,"잠드는 데 3시간이 걸리는 나, 어떻게 해야...(103)"
655,엄마한테 들었던 말 중에 가장 기억에 남는 말(37)
656,날 자꾸 자신의 감정 쓰레기통으로 사용하...(25)
657,"신입 2개월 차, 잘하고 있는 건지 점점 자...(14)"
658,이거 나한테 관심 있는 거라고 오해해도 되...(12)
659,우리 갱스터 진짜 너무 사랑해(13)
660,"다시 연락 온 전 연인, 사람은 변할 수 없...(86)"
661,내가 예쁘게 꾸미고 나가는 걸 싫어하는 가...(64)
662,"이해가 안 가는 사장님의 행동들, 퇴사하는...(30)"
663,여행 다녀온 이후 시들시들한 게 느껴지는 ...(47)
664,재회는 함부로 하면 안 된다는 걸 뼛속 깊...(19)
665,직장 내 성격이 이상하기로 유명한 직원 대...(27)
666,먹는데 진심인 흔녀의 집 밥상 & 술상 2탄(37)
667,우울증이 나아지고 괜찮아지는 날이 오긴 ...(91)
668,힘들다며 일 그만두고 전업주부가 하고 싶...(76)
669,첫사랑보다 더 좋아하는 사람을 인생에서 ...(27)
670,결혼식 축의금 너무 적게 낸 거 아니냐며 ...(48)
671,"날 부르는 나이 어린 후배 직원의 호칭, 제...(53)"
672,여사친 관련해서는 아예 말도 못 꺼내게 하...(37)
673,이기적인 친누나의 모습에 점점 더 지쳐갑니다(22)
674,"5살 차이 연인과의 돈 문제, 어떻게 하는 ...(124)"
675,기억에 남을 생일 이브의 추억(6)
676,사사건건 간섭이 심한 집과 연을 끊으려고 ...(26)
677,나만 겨울이 좋은 건가? 빨리 겨울이 왔으...(51)
678,술자리에서 남자가 여자에게 관심 있을 때 ...(30)
679,작은 오빠 때문에 점점 쌓여가는 빚을 어쩌...(96)
680,결혼 준비 중 생기는 트러블을 회피하며 잠...(56)
681,일하자는 건지 말자는 건지 이해가 안 되는...(12)
682,언제 터질지 모르는 폭탄을 안고 사는 기분...(18)
683,먹는데 진심인 흔녀의 집 밥상 & 술상(13)
684,회사는 얼굴보다는 일을 잘해야 하는 곳 아...(82)
685,주인의식은 전혀 없으면서 주인 대접받고 ...(12)
686,직장과 대학원 병행해 보신 분 조언 좀 부...(31)
687,잘 살다가도 안 좋았던 과거의 기억으로 돌...(13)
688,내가 먹은 거 기억하기 3탄(13)
689,당연한 듯 명령하며 자꾸 내게 잡일을 시키...(23)
690,내가 항상 뒷전인 것 같은 남친과 헤어져야...(40)
691,"웃는 법을 까먹어 버린 나, 마음이 공허하...(17)"
692,술만 먹으면 꼭 인사불성에 연락이 두절되...(23)
693,"불규칙한 소득에서 오는 불안함, 멘탈 관리...(20)"
694,"막내 이모 때문에 힘들어진 가족, 어떻게 ...(11)"
695,"신장 질환이 있는 남자 친구, 조언 좀 부탁...(86)"
696,너무 예쁜 친구에게 자꾸 열등감을 느끼는 나(64)
697,"친구들에게 인기 많은 스타일, 난 그냥 생...(22)"
698,장기 연애 후 헤어진 사람에게 다가갈 수 ...(17)
699,살찐 거 나도 아는데 계속 말하는 사람 나...(27)
700,제가 느끼는 감정이 권태기 증상인 건지 모...(10)
701,흔한 직장인의 흔한 술 파티!(9)
702,결혼은 정말 이 사람이라는 확신이 드나요?(80)
703,아줌마 직원들이랑 같이 회사 생활하기 참 ...(48)
704,여자애들 사이에서 자꾸 여우라고 오해를 ...(82)
705,자존감이 너무 낮은 상사는 어떻게 대처해...(18)
706,이직한지 한 달 됐는데 매일 퇴사를 고민 ...(14)
707,데이트 비용 내라는 남자 친구 어떻게 생각...(75)
708,북극 마을 NOME을 찾아서...(10)
709,공부도 재능이고 노력도 타고나야 한다는 ...(158)
710,내게 관심 없는 짝남에게 자연스럽게 다가...(18)
711,80이 넘은 나이에도 소리 지르고 싸우는 시...(30)
712,아이는 가지고 싶지만 앞서는 걱정들 때문...(33)
713,"약 2년 동안 24kg가 쪄버린 한심한 나, 어...(113)"
714,우리 집 멍냥이들 6탄(10)
715,제 인생은 도대체 어디서부터 잘못된 걸까요(51)
716,요즘은 아이들 훈육할 때 회초리 안 쓰시나요?(81)
717,신혼인데 혼자 해외 지사로 나가 일해보고 ...(63)
718,뚝뚝 떨어지는 자존감 올릴 수 있는 방법(37)
719,지긋지긋한 친구관계 다 끝내고 손절하고 ...(64)
720,화가 나면 격분하며 소리 지르고 손찌검을 ...(18)
721,내가 그냥 욕심이 많아진 건지 권태기인 건...(12)
722,대인관계라는 게 원래 이렇게 힘든 건지 미...(25)
723,결혼 후 번아웃이 온 아내에게 뭘 해주면 ...(37)
724,마음대로 확신하고 막무가내로 화를 내는 ...(8)
725,이미 친한 직원들 사이에 녹아드는 법 좀 ...(49)
726,"늘 내가 이상한 사람이 되어 끝나는 대화, ...(31)"
727,수동적이고 공격적인 내 성향 진짜 고치고 ...(28)
728,우리 갱스터 좋아해 줘서 고마워! (30)
729,해준 것도 없으면서 바라기만 하는 친정 아...(48)
730,"일에 치여 사는 느낌, 다들 이렇게 바쁘게 ...(33)"
731,보수적인 부모한테는 그냥 다 숨기는 게 답...(27)
732,"피해야 할 가족 같은 회사의 특징들, 해당...(21)"
733,뭘 해도 어색하고 남들과 섞이지 못해 늘 ...(19)
734,"30대의 연애, 언제 결혼해야 하는 걸까요?(58)"
735,연어 낚시 시즌이 돌아왔어요!(16)
736,사과 안 하면 계속 삐지고 말 안 하는 상사...(22)
737,데이트할 때 돈으로 눈치 줘놓고 명품은 잘...(30)
738,헤어진 지 3년이 지나도 지워지지 않는 첫...(17)
739,주식으로 큰돈을 날려버린 아빠 때문에 너...(31)
740,어린아이 같은 취미를 가지고 있는 신랑을 ...(66)
741,집 밥과 요리를 사랑하는 30대입니다!(31)
742,연인 사이 이성이 섞여있는 모임 어디까지 ...(70)
743,"영화관에서 제발 매너 좀 지켜주세요, 정말...(47)"
744,내게 위기감을 준다는 이유로 계속 거짓말...(18)
745,위염과 장염을 앓았던 이후로 계속 살이 빠...(59)
746,고깃집 혼밥 관련 가게 사장님들의 생각이 ...(40)
747,반려동물을 키우는 데 있어 이런 건 이해해...(40)
748,연봉 협상 제안을 해봐도 괜찮을지 조언 부...(15)
749,초간단 샌드위치 만들기 도전해 보세요!(26)
750,자꾸 시댁에서 지원을 못 받아서 어쩌냐는 ...(83)
751,학교에서 체육 수행 보다가 역대급 흑역사 ...(5)
752,같이 일하는 사람과의 관계 개선 및 업무 ...(14)
753,내가 찍은 사진들인데 어때?(38)
754,두 개의 회사 중 여러분이라면 어디를 가시...(34)
755,배달 그릇은 설거지해서 내놔야 한다 vs 안...(127)
756,일도 안 가르쳐 주고 물어보면 화내는 직장...(34)
757,"브라이덜 샤워해 주고 온 현타, 이게 맞는 ...(43)"
758,알래스카 에스키모인의 문화와 생활(12)
759,말을 예쁘게 안 한다는 이유로 돈을 안 돌...(32)
760,챙겨주시는 건 고맙지만 너무 부담스러운 ...(27)
761,"내 전부였던 사람의 바람과 결혼, 복수할까...(59)"
762,굳이 사귀자고 말만 안 했을 뿐 우리 사귀...(73)
763,흔한 커플의 흔한 술상 보고 가세요(17)
764,지속적으로 날 째려보는 직장 후배의 생각...(36)
765,내가 너무 진지한 건지... 남편 때문에 화...(23)
766,소심한 성격 때문에 참고 참다가 조용히 손...(28)
767,30대에 20대 같은 풋풋한 사랑은 하는 건 ...(46)
768,제 아래에 엄청난 부사수가 들어왔습니다(31)
769,우리 집에도 고영희 씨가 산다(27)
770,막말을 서슴없이 하는 남친을 이해해 줘야 ...(69)
771,사직서 제출도 안 했는데 내 보직 자리로 ...(54)
772,헤어졌다고 풀 죽어있지만 말고 이제 그만 ...(9)
773,"모욕적인 선임의 말투, 이렇게 교육받으며 ...(17)"
774,"식단과 운동한지 두 달째, 다이어트 되고 ...(24)"
775,흔한 커플의 흔한 술상 (18)
776,내가 아빠께 정말 버르장머리가 없었던 건...(35)
777,친정의 명절 차례와 제사 문제 관련 조언을...(81)
778,무례한 사람에게 대꾸도 못하고 나중에 후...(14)
779,딸에 대한 엄마들의 보상심리는 당연한 건...(26)
780,"날 시기 질투하는 주변 사람들, 왜 그러는...(46)"
781,"30살 진로 고민, 따끔한 충고도 좋으니 조...(15)"
782,우리 라팡이 보고 갈래? 힐링 될 거야(24)
783,"부모님께서 강요하는 무리한 적금, 어떻게 ...(69)"
784,결혼 후 아이 낳는 문제로 인한 남친과의 ...(103)
785,힘들지만 우울해하지 않고 더 열심히 살아 ...(13)
786,은근히 날 화나게 만드는 배려 없는 기숙사...(16)
787,"실수가 잦은 나, 실수 절대 안 하는 방법 ...(38)"
788,부족하지만 제가 한 요리 봐주세요(20)
789,몸도 마음도 지쳐 우울해하는 아내를 어떻...(39)
790,이래도 되나 싶을 정도로 단순한 업무도 더...(20)
791,"전공 살려 취업한 지 4개월째, 실수 그만하...(19)"
792,분명 좋아하는데 만나면 불편하게 느껴지는...(65)
793,낯가리는데 처음 보는 사람한테는 잘 다가...(15)
794,나의 동거묘 도칠이 눕방쇼(20)
795,사소한 일도 과하게 부풀려 걱정하는 내 성격(35)
796,진상은 본인이 진상인 줄 모른다더니 딱 그...(20)
797,"워라밸 vs 연봉, 여러분이라면 어떤 선택을...(75)"
798,부모님 싸움으로 인한 트라우마 극복할 수 ...(16)
799,"예비 시댁과의 갈등으로 인한 파혼, 너무 ...(48)"
800,"시립 어린이집 교사로 근무 중, 무슨 방법...(29)"
801,맞벌이 주부의 맛있는 집 밥(28)
802,제가 만든 자료들을 안 주고 퇴사하면 불법...(62)
803,"결국 또 끊어져 버린 우리, 우린 진짜 인연...(27)"
804,음식 욕심은 많은데 입이 짧은 남편 때문에...(46)
805,다이어트 성공했는데도 자존감이 낮아지는 ...(24)
806,울 집 냐옹이 자는 거 구경하고 가세요(35)
807,서른이 되기 전에 연애라는 걸 해볼 수 있...(83)
808,호감도를 떨어뜨리는 소개팅 상대의 맞춤법...(52)
809,아빠를 떠나보내고 난 뒤 내가 가장 후회하...(19)
810,우선순위가 뒤로 밀린 것뿐 바쁘다는 거 다...(5)
811,이번 생은 글렀으니 다음 생에는 너처럼 태...(21)
812,열심히 살아보고 싶은데 앞으로 뭘 하는 게...(8)
813,요리를 좋아하는 30대 여자의 집 밥(65)
814,"치료비와 피해 보상비를 요구한 손님, 보상...(90)"
815,제가 엄마를 붙잡을 자격이 있는 건지 모르...(40)
816,치유되지 않은 마음의 병 때문에 회사를 못...(31)
817,"잘 이어지지 않는 엄마와의 대화, 뭐가 문...(45)"
818,"눈치 보이는 시댁과의 식사 시간, 너무 짜...(57)"
819,차있는 남친에게 고마움 표시를 따로 해야 ...(205)
820,진짜 다이어트 성공하고 싶은데 현실 조언 ...(80)
821,"엄마의 차별로 인한 우울증, 어떻게 해야 ...(32)"
822,00-04년생이면 공감하는 잊고 있었던 추억들(56)
823,"나만 놓으면 끝날 관계, 이제 정말 헤어질 ...(40)"
824,고부갈등 해결 및 아내와 화해할 수 있는 방법(167)
825,성격이 너무 답답한 나 자신 때문에 우울합...(21)
826,2년 전에 헤어진 전 남친과 너무 친하게 지...(92)
827,흔한 직장인의 흔한 술 파티 2탄(15)
828,"무의미한 삶, 남은 인생을 행복하게 살아갈...(45)"
829,성소수자라는 동생의 고백을 어떻게 받아들...(134)
830,등골 브레이커 언니 때문에 고생하는 엄마(24)
831,어지르는 사람 치우는 사람 따로 있는 건지...(10)
832,"모든 스트레스의 요인, 남편이 괜히 남 편...(32)"
833,"알래스카, 에스키모 마을의 배링 해(12)"
834,비혼 주의라고 누누이 말해왔는데 결혼을 ...(109)
835,스트레스는 정말 만병의 근원이 맞나 봅니다(32)
836,"점점 빈도가 심해지는 이웃집의 싸움, 조언...(24)"
837,불친절한 옷 가게 다시 가서 컴플레인 걸어...(56)
838,아들과 딸을 차별하는 엄마 때문에 속이 문...(33)
839,이별 후 괜찮다가도 혼자 있으면 무너져버...(16)
840,흔한 직장인의 흔한 술파티(25)
841,"무가치하고 무미건조한 삶, 사람 사는 게 ...(59)"
842,너무 어려운 엄마와의 관계 조언 좀 부탁드...(19)
843,날 볼 때마다 살 좀 찌라며 지적하고 훈수 ...(64)
844,"결혼식을 기점으로 우울감이 심해진 나, 답...(45)"
845,요즘도 면접에서 결혼 및 자녀 유무를 묻는...(63)
846,기다리다 힘들어 연락했는데... 정말 안되...(30)
847,"29살에 사이버 대학 입학, 너무 늦은 건 아...(86)"
848,흔한 커플의 흔한 술상(29)
849,직장 내 괴롭힘 신고를 고민 중인데 조언 ...(24)
850,불만족스러운 현재 때문에 과거가 그리울 ...(12)
851,주기적으로 계속 내게 돈을 빌려 가는 친구(51)
852,같은 멍씨들이 맞나요?(14)
853,갑작스럽게 돌변해 내 연락을 차단해 버린 ...(51)
854,"강약약강의 사람들, 사회생활이란 게 원래 ...(36)"
855,"유학 후 귀국, 앞으로의 취업이 참으로 막...(45)"
856,육아 휴직 중 아이 돌봄 문제 관련 이게 맞...(23)
857,결혼식을 앞두고 갑자기 돌아가신 장인어른...(26)
858,강아지 입양하실 분 없나요?(52)
859,"10년 친구의 질투, 제 착각일 수도 있을까요?(64)"
860,나이 많은 상사들은 왜 이렇게 회식을 좋아...(80)
861,못생겼다는 이유로 실패한 인생 취급을 받...(134)
862,나름 아끼고 산다고 생각했는데 생활비 점...(28)
863,그냥 넘어가도 될 문제를 물고 늘어지며 캐...(22)
864,"사람 보는 눈이 한참 부족한 31살, 연애를 ...(29)"
865,나이가 들수록 깊은 대화를 나눌 사람이 없...(30)
866,음식 사진 잘 찍는 법 좀 알려줘(17)
867,"너무 까다로운 것 같은 카페 알바, 원래 다...(94)"
868,치매 어머니를 둔 제게 현실적으로 결혼은 ...(42)
869,30년을 살면서 내가 인간관계에 대해 느낀 ...(42)
870,"며느리 생일에 전화 한 통 없는 시모, 생각...(49)"
871,날 헷갈리게 만드는 장난꾸러기 연하 남사...(36)
872,퇴사를 앞두고 자꾸 날 금전적으로 압박하...(18)
873,레시피 알려줄게 꼭 해 먹어봐(15)
874,장난스럽게 자꾸 금전적인 요구를 하는 친구(33)
875,나이를 먹을수록 사람들과 연락을 자주 하...(57)
876,입이 가볍고 다른 사람에 대한 뒷담화를 많...(27)
877,나이 들어 명품 안 쓰면 무시당한다는 말이...(142)
878,다이어트는 식단이 중요? 도대체 어떻게 하...(26)
879,어머님 밥이 너무 맛있어요!(80)
880,같은 팀 직원의 결혼식 축의금 어느 정도가...(41)
881,어쩔 수 없는 상황이란 걸 알면서도 쿨하게...(21)
882,자연스럽게 내게만 집안일을 시키는 엄마(16)
883,보기만 해도 짜증 나는 동료 신경 안 쓰는 ...(23)
884,서른 넘어 해외 한 번도 못 가봤다 하면 한...(110)
885,후후~ 이런 날에 고3이라니~(35)
886,"줏대가 없어 항상 당하고 사는 나, 조언 부...(23)"
887,결혼하신 분들께 여쭙습니다. 사람 고쳐 쓸...(119)
888,신혼인데 오만 살림살이 다 간섭하는 남편 ...(66)
889,"직장 내에서 헤어롤 말고 있는 신입, 어떻...(250)"
890,월세 사는데 고장 난 세탁기를 안 고쳐 준...(28)
891,"취준생 2년 차, 첫 직장 다들 몇 살에 들어...(43)"
892,나만 이렇게 투정을 부리는 건지 다들 이런...(15)
893,흔한 직장인의 흔한 술 파티(20)
894,무슨 문제가 있는 것도 아닌데 학교가 너무...(44)
895,거슬리는 일이 생기면 전혀 다른 사람처럼 ...(23)
896,50분 일하면 10분 무급 휴식 주는 카페 아...(48)
897,미혼이라는 이유로 왠지 모르게 작아지는 ...(64)
898,짝사랑하고 있는 상대의 감정이 뭔지 궁금해요(27)
899,복잡한 인간관계 정리하고 싶은데 어떻게 ...(21)
900,"로봇같이 뻣뻣한 몸, 유연성 기르려면 무슨...(37)"
901,쾅쾅거리며 문을 닫는 앞집 때문에 너무 스...(33)
902,내가 생각이 없는 건지 아내가 과민 반응을...(33)
903,굶지 않고 쉽게 다이어트할 수 있는 방법 ...(27)
904,"고백할 생각이 없는 썸남과의 관계, 내 마...(24)"
905,우리 엄마가 꽃 사 왔는데...(34)
906,부모님의 감정 쓰레기통 역할 이제 그만해...(53)
907,퇴사하는 건 좋은데 무단 퇴사는 진짜 하지...(59)
908,내가 싫다며 이별을 통보한 전 남친 빨리 ...(35)
909,"갈수록 심해지는 갈등, 아내와 잘 지낼 수 ...(53)"
910,"설레거나 재밌는 일이 없는 노잼 30대, 저...(47)"
911,알래스카에서 이거 못 보고 가면 안 돼요!(9)
912,너무 더러운 직장 상사를 어떻게 하면 좋을...(42)
913,주변 눈치를 보지 않고 자기 생각을 큰 소...(34)
914,"월급이 너무 적은 6년 차 직딩, 환승 이직 ...(88)"
915,연상의 누나를 좋아하고 있는데 조언 좀 부...(73)
916,이별 후 다들 이런 기분인가요? 답답하고 ...(26)
917,과거의 행복이 그립다면 현재를 잘못 살고 ...(7)
918,요양원이 있으면 뭐 하나요? 받아주지를 않...(33)
919,스트레스받아 고민 중인데 퇴사하는 게 맞...(9)
920,제가 한 음식 보여드리고 싶어요~(38)
921,어차피 나갈 회사인데 유종의 미를 거두라...(64)
922,"답이 없는 우리 집 마인드, 하루빨리 손절...(32)"
923,내 선택으로 살아온 인생이지만 이대로 괜...(24)
924,사내정치하며 간신배 노릇을 하는 직장 동...(10)
925,곰이와 여우의 일상 17(6)
926,"28살에 관제사 도전, 현실적으로 너무 늦은...(62)"
927,친구와 같이 자취를 할 예정인데 주의 사항...(142)
928,4개월 차 신입인데 출근하는 게 너무 무서워요(64)
929,아파트 단지 내에서 노래 부르는 아저씨를 ...(18)
930,거래처 직원 줄 거라며 나와 똑같은 선물을...(56)
931,힘들다며 약속 당일 파투 내는 친구 어떻게...(30)
932,"가끔은 그 시절이 그리워, 2탄(47)"
933,사진 포즈와 멘트까지 내 모든 걸 야금야금...(18)
934,"일을 너무 못 하는 나, 출근할 생각하니 너...(79)"
935,같이 사는데 생활비를 안 주는 시모 때문에...(83)
936,다이어트 중인데 이게 거식증인지 조언 좀 ...(50)
937,소개팅을 하면 할수록 마음이 더 힘들어지...(65)
938,"연락 문제 관련 서로를 이해 못 하는 중, ...(67)"
939,떡볶이 좋아하시는 분?!(130)
940,동영상을 보며 운전을 하는 엄마와 대판 싸...(115)
941,소소하게 더치페이 할 때마다 돈을 안 내는...(74)
942,"6년 차에 퇴사, 더 나은 미래를 위해 잘한 ...(56)"
943,업무 능력도 기본 예의도 없는 빌런 후임 ...(72)
944,난 행복한데 내가 사는 게 한심해 보인다는...(199)
945,친구끼리 밥 먹으면 무조건 음식을 공유해...(243)
946,소득 수준 격차가 큰 친구와의 관계에서 오...(63)
947,가난은 영원히 벗어날 수 없는 게 맞나 봅니다(152)
948,강가에서의 만찬에 초대합니다(18)
949,어렵게 구한 직장인데 정이 떨어져서 퇴사...(38)
950,상대방의 일방적인 권태기로 인한 갑작스러...(47)
951,3년간 깜깜무소식이다가 뜬금없이 연락을 ...(59)
952,조카에게 몇 살까지 용돈을 줘야 하는 건지...(71)
953,대체 뭐가 이성적이고 좋은 연애인 건지 모...(53)
954,강가에서의 만찬에 초대합니다(16)
955,어렵게 구한 직장인데 정이 떨어져서 퇴사...(27)
956,상대방의 일방적인 권태기로 인한 갑작스러...(34)
957,3년간 깜깜무소식이다가 뜬금없이 연락을 ...(45)
958,조카에게 몇 살까지 용돈을 줘야 하는 건지...(52)
959,대체 뭐가 이성적이고 좋은 연애인 건지 모...(28)
960,뚝딱 만든 맛있는 저녁밥(14)
961,마지막으로 다시 한번 잡아보고 싶은데 그...(31)
962,입사 후 1년간 연차가 없다는 회사 안 가는...(36)
963,"아직 잊지 못한 전 남친, 그냥 친구로라도 ...(12)"
964,성인이 된 나를 아직도 괴롭히는 어릴 적 ...(27)
965,회사 근무 중 이직 준비 다들 어떻게 하시...(17)
966,다 좋은데 서로 다른 정치 성향과 혐오감을...(67)
967,청첩장 돌리면서 인간관계에 대해 심한 회...(71)
968,"갑자기 종교가 생긴 친구, 괜찮은 건지 걱...(40)"
969,친구의 육아 이야기는 어디까지 들어줘야 ...(28)
970,자꾸 내 등짝을 때리며 짜증을 내는 알바 ...(41)
971,가난에 머물고 싶어 하는 엄마 때문에 너무...(55)
972,맞벌이 중 아내의 힘듦을 이해해 주지 못하...(35)
973,일을 의도적으로 느리게 하고 초과수당 신...(40)
974,"돈 vs 사랑, 이런 경우 어떻게 타협과 해결...(47)"
975,상도덕을 모르는 이웃 가게 때문에 스트레...(15)
976,"맛있는 음식 사진들, 너무 배고프다...(17)"
977,살면서 제일 중요한 건 외모라고 생각하는 ...(147)
978,친구 관계에 신경 쓰느라 공부에 집중을 잘...(14)
979,"자꾸 반복되는 업무 실수, 실수 안 하는 법...(23)"
980,연락의 중요성을 전혀 모르는 듯한 남자 친...(49)
981,친구 사이 기브 앤 테이크 관련 제가 예민...(10)
982,"많이 좋아했던 사람과의 첫 이별, 원래 이...(25)"
983,엄마가 귀찮고 동생을 이해 못 하는 전 나...(17)
984,"내게 관심이 있기는 한 건지 의문인 남친, ...(49)"
985,이기적이고 지긋지긋한 친정과 그냥 안 보...(30)
986,치킨으로 다이어트 도전 성공?!(20)
987,망상장애에 의심이 많은 엄마의 성격 때문...(23)
988,"업무 분장을 없애려는 팀장, 퇴사해야 할까요?(18)"
989,날 투명 인간 취급하는 직장 동기의 심리가...(27)
990,"한순간에 꼴도 보기 싫어진 절친, 내가 이...(26)"
991,여사친과 다툼 후 손절을 생각 중인데 어쩌...(20)
992,가끔은 그 시절이 너무 그리워(95)
993,더 늦기 전에 딸과 친해지고 싶은데 어떻게...(206)
994,30대의 연애와 이별은 원래 이런 건지 다 ...(58)
995,말끝마다 투정에 상사와 동료들을 뒷담화하...(20)
996,친구로서 매력이 넘치는 친구들의 특징 말...(64)
997,본인이 좋은 상사라고 생각하는 사장님(62)
998,"만나는 사람마다 결혼 이야기, 결혼을 꼭 ...(205)"
999,"내가 찍은 풍경 사진들, 예쁘지요?(21)"
1000,둘이 있을 때와 남들 앞에서의 행동이 너무...(40)
1001,남자에 관심 없고 비혼 주의인 날 이상한 ...(48)
1002,"자주 부딪히는 친정 엄마와 나, 내가 못된 ...(36)"
1003,육아하면서 돈을 벌 수 있는 일이 뭐가 있...(72)
1004,단지 취업이 잘 된다는 이유로 진로를 선택...(46)
1005,"점점 버거워지는 연애, 언제 헤어지는 게 ...(13)"
1006,싸고 양 많고 맛있고 뜯는 재미까지!(9)
1007,"육아 중 때때로 치밀어 오르는 화, 전 모성...(84)"
1008,버스에서 코스크 쓰고 기침하는 아줌마께 ...(13)
1009,매사에 나를 위한 작고 사소한 배려 하나가...(31)
1010,"폭발하기 일보 직전, 다들 이렇게 사는 건...(15)"
1011,독실한 기독교 집안과 결혼하신 분들 계시...(83)
1012,"대학 휴학 중 취업과 복학, 어떤 선택을 하...(13)"
1013,본인이 하는 일은 무조건 일반적이라 생각...(26)
1014,각자 월급 각자 관리하는 부부분들 돈 어떻...(40)
1015,입사하니 면접 볼 때와는 업무가 달라진 회사 (21)
1016,나이를 먹고도 부모님과의 관계가 너무 어...(12)
1017,90kg 에서 65kg까지 감량한 나의 다이어트 ...(41)
1018,이 정도면 평범한 전업인 것 같은데 어떻게...(34)
1019,진상 손님이 왔을 때 대처하는 방법 좀 알...(20)
1020,바쁘다 바빠~ 한시가 아쉬운 요즘!(2)
1021,"장기 연애 후 헤어진 지 4년, 다시 연애할 ...(47)"
1022,스스로 불편함을 느낄 정도로 남 눈치를 많...(11)
1023,아기 낳으면 고통은 끝인 줄 알았는데 이제...(84)
1024,"사회에 등 떠밀려 가는 것 같은 코학번, 너...(19)"
1025,이직을 할까 말까 고민 중인데 객관적으로 ...(20)
1026,날씨에 민감한 우리 냥이 자랑!(4)
1027,"이유도 모르게 이상하게 변해버린 나, 스스...(27)"
1028,다들 이렇게 지루한 권태기 어떻게 이겨내...(24)
1029,"자녀 한 명 vs 두 명 고민 중, 객관적인 조...(77)"
1030,친구와 나름 친해진 줄 알았는데 혼자만의 ...(9)
1031,맞벌이 주부의 맛있는 집 밥(21)
1032,육아를 시작하면서부터 점점 남편과 멀어지...(31)
1033,여러분들은 연인과 영상 통화할 때 무슨 얘...(26)
1034,"남편의 잘못 vs 아내가 예민, 객관적인 판...(103)"
1035,"감정 조절이 안 되는 나, 어떻게 이겨내야 ...(13)"
1036,둘째 낳기를 강요하는 남편과 이혼하고 싶...(57)
1037,2년 차 새댁의 요리 & 밑반찬 모음 21(30)
1038,"매일 악을 쓰며 싸우는 윗집, 이것도 층간 ...(39)"
1039,"해도 해도 너무한 것 같은 남편, 참 변하지...(159)"
1040,점점 더 싫어지는 직원을 어떻게 해야 할지...(36)
1041,"용돈을 주겠다는 남친, 원래 사귀는 사이에...(83)"
1042,나의 동거묘 도칠이 22년 5월 일상들(23)
1043,직장 내 괴롭힘 문제로 잠도 못 자고 밥도 ...(34)
1044,친구들을 다 잃은 후에야 내 성격이 안 좋...(48)
1045,밥상머리 교육을 제대로 못 받은 사람들의 ...(50)
1046,내게 호감 이상으로 감정이 발전하지 않는...(40)
1047,브랜드 제품 찾는다고 사치 취급하는 사람...(29)
1048,"고도비만 알바생, 내 썩어빠진 마인드 좀 ...(46)"
1049,내가 찍은 사진 구경하고 가!(15)
1050,이제 와 연락을 기다리는 내가 이기적인가 ...(17)
1051,남자 직원들만 편애하는 과장님의 심리가 ...(53)
1052,어제 일처럼 생생히 생각나는 학창 시절의 ...(5)
1053,담배 피운 지 30년이 다 돼가는 남편 금연...(84)
1054,임신 후 감정 기복을 직장 동료들에게 푸는...(25)
1055,"6살 연상 직장인 남친과 데이트 통장, 어떤...(142)"
1056,사무실로 택배 시켜놓고 말없이 자리 비우...(28)
1057,인생을 살면서 못생긴 건 정말 저주고 재앙...(119)
1058,결혼 준비 중 예물과 예단 문제 때문에 고...(29)
1059,연애를 시작한 엄마의 행동들이 왜 이리 짜...(29)
1060,다른 사람들 말대로 제가 강박이 좀 심한 ...(31)
1061,우리 집 귀여운 고양이 키키(9)
1062,알코올 중독의 기준이 뭔지... 저 알코올 ...(56)
1063,얼마나 더 가족을 생각해야 하는 건지... ...(28)
1064,돈이 있을 때나 없을 때나 달라지는 게 없...(38)
1065,"정신없이 살다 보니 벌써 30대, 어떻게 살...(56)"
1066,좋아하는 사람에게 소개팅을 부탁하는 사람...(16)
1067,사춘기 남동생 공부 시키는 중(27)
1068,"어린 시절 상처에서 온 우울증, 조언과 위...(37)"
1069,현실과 이상의 차이를 받아들이기엔 제가 ...(35)
1070,"그냥 푹 쉬고 싶은 마음, 휴학해도 될지 조...(35)"
1071,남친 가족과의 첫 정식 인사 관련 조언 좀 ...(32)
1072,나와 남동생을 학대하는 계부와 방관하는 엄마(32)
1073,결혼 전부터 계속되는 남편과의 돈 문제 관...(110)
1074,누가 첫 이별만 힘들다고 했어? 아는 맛이 ...(15)
1075,내 성격이 남친의 버릇을 안 좋게 만들까 ...(15)
1076,살찌려면 무조건 많이 먹는 것만이 답인가요?(84)
1077,열심히 해도 끝이란 게 없고 성에 차지 않...(13)
1078,사랑하지만 나이를 먹을수록 점점 더 안 맞...(28)
1079,"신경 쓰이는 후배 직원의 언행, 제가 꼰대...(51)"
1080,본인 외모 지적하면 싫어하면서 남 외모는 ...(27)
1081,"결혼 전 부모님과의 갈등, 저희 부부가 잘...(51)"
1082,아기를 낳은 후 세상 행복하지만 걱정이 태...(43)
1083,내가 만든 요리 - 우리 집이 홈스토랑!(21)
1084,무기력한 아들을 어떻게 세상에 나가게 해...(69)
1085,진지하게 결혼을 다시 생각해 봐야 되나 싶...(54)
1086,결혼과 함께 인간관계도 정리된다는 말이 ...(41)
1087,호의가 계속되니 날 호구로 보는 친구와 손...(25)
1088,여기서 아는 거 몇 개 있어?(63)
1089,층간 소음과 주차 공간 스틸까지 하는 무개...(23)
1090,"10년 연애 후 이별, 다시 연락해 보고 싶은...(80)"
1091,맞으면서 받는 훈육은 언제까지? 원래 다들...(71)
1092,좋아하지 말걸... 시간이 답이라는 데 난 ...(13)
1093,2년째 CC 중이었던 남친의 갑작스러운 이별...(53)
1094,남매나 자매 등 가족끼리 안 친한 분들 계...(97)
1095,결혼하신 분들 얼마나 연애하고 결혼하셨는...(111)
1096,이야기할 때마다 내 가슴을 대놓고 쳐다보...(33)
1097,내 사생활까지 학부모한테 맞춰 행동하기는...(53)
1098,꽉 막힌 부모님 설득하는 방법 좀 알려주세요(24)
1099,친정 엄마를 '그 양반'이라고 부르는 시어머니(48)
1100,음식을 진짜 적게 먹는데도 살이 안 빠지는...(67)
1101,퇴사하고 싶은데 제가 의지박약인 건지 모...(35)
1102,"돈을 너무 아끼는 남편, 이렇게 아끼며 살...(93)"
1103,사고 내놓고 되레 성을 내는 엄마 때문에 ...(30)
1104,"장기 연애로 인한 권태기, 이렇게 결혼해도...(49)"
1105,날 하인 취급하며 무시하고 화를 내는 가족들(24)
1106,남편이 말만 걸어도 화가 나는데 이혼해야 ...(84)
1107,"요즘 들어 심해진 엄마의 깜박 증상, 괜한 ...(15)"
1108,돌아가신 아버지에 대해 묻는 사람들 대처...(31)
1109,감동의 감자조림과 메추리알(8)
1110,인생을 너무 재미없게 살아온 것 같아 후회...(42)
1111,절친의 결혼 소식을 들은 이후 싱숭생숭해...(35)
1112,길 찾을 노력도 안 하는 답답한 길치 친구...(48)
1113,"말 많고 욕심 많은 아이, 교사분들이 존경...(11)"
1114,"고부 갈등 문제, 이런 경우는 어떻게 해결...(46)"
1115,닭발 만들기 너무 쉽네요(41)
1116,저처럼 여행 다녀오고 나서 우울해지는 분 ...(65)
1117,이러다 영원히 친구 못 사귀고 후회할까 봐...(33)
1118,아이들 활동사진을 올려달라고 무리하게 요...(55)
1119,말로만 듣던 번아웃이 온 것 같은데 어떻게...(21)
1120,현실 생각만 하면 마음이 생기다가도 금방 ...(9)
1121,"정말 안 맞는 전공, 수능 다시 보는 거 어...(53)"
1122,"결혼 7년 차 부부의 대화 단절, 지치고 지...(45)"
1123,할 말은 하고 살고 싶은데 어떻게 해야 하...(19)
1124,나쁜 사람인 걸 알면서도 전 남친에게 흔들...(57)
1125,"아랫집으로부터 온 층간 소음 민원, 조금 ...(60)"
1126,연애 초인데 결혼하자고 하는 유난스러운 ...(83)
1127,예쁜 유채꽃밭 구경하고 가(4)
1128,약속을 잊어버리거나 매번 약속 시간을 지...(37)
1129,남자 친구 누나의 결혼식 축의금 얼마가 적...(45)
1130,대학생 딸 통금 시간 관련 제가 꼰대인 건...(88)
1131,"너무 무능한 부모, 이런 부모가 내 부모인 ...(27)"
1132,추억의 필터 쓰던 시절이 그리워(20)
1133,퇴사하고 싶은데 해결책도 없이 계속 붙잡...(23)
1134,엄마와 친해지고 싶은데 어떻게 해야 할지 ...(21)
1135,남편과 사소한 말다툼 이후 마음이 예전 같...(23)
1136,아무도 축하해 주는 사람이 없는 슬프고 우...(70)
1137,다른 사람들 앞에서 짝퉁이냐고 물어보는 ...(26)
1138,"아이에게 첫사랑 이야기를 풀어놓은 남편, ...(34)"
1139,내 앞에서와 다른 사람들 앞에서의 행동이 ...(12)
1140,전 남친의 결혼 소식을 들은 후 싱숭생숭 ...(40)
1141,"관계가 서툰 우리 아이, 나이에 맞게 크고 ...(11)"
1142,이 친구와의 관계를 끊어내도 될지 조언 부...(22)
1143,맛있는 집 밥이 너무 좋아요(48)
1144,저 같은 사람은 대체 어떻게 살아야 되는 거죠(49)
1145,아직 결혼 생각이 없는 내게 뜬금없이 프러...(40)
1146,"상처가 되는 엄마의 화법, 체념하고 사는데...(95)"
1147,조용히 해달라 말한 내가 너무 예민했던 건...(23)
1148,알바 두 달 째인데 아직도 실수가 많아 고...(20)
1149,모든 일의 마무리를 하지 않는 아내와의 부...(49)
1150,전 남친 때문에 변해버린 제 자신이 너무 ...(20)
1151,남친과 다툰 후 풀어가는 방법 관련 조언 ...(49)
1152,부모님과 싸웠는데 제 사고방식이 잘못된 ...(70)
1153,공공장소에서 과잉 훈육하는 부모들 어떻게...(49)
1154,도대체 어떻게 돈을 모아 어떻게 집을 사는...(58)
1155,혹시 이거 아는 사람 있어?(60)
1156,식단 조절 중인데 살은 안 빠지고 되레 살...(68)
1157,일을 너무 열심히 하는 회사 동료들 때문에...(92)
1158,케어하기 힘든 기분파 학원 아이 대처하는 ...(18)
1159,처가와 본가에서의 지출에 대해 조언 좀 부...(25)
1160,이혼 후 친구들이 쉽게 하는 말에 상처를 ...(79)
1161,"하루가 멀다 하고 매일 싸우는 우리, 정말 ...(67)"
1162,틈만 나면 아파트 지하주차장 입구에서 담...(16)
1163,"정식 입사 전부터 일을 시키는 팀장님, 어...(19)"
1164,단 한 번도 날 소중히 대해주는 친구를 만...(20)
1165,업무 관련 아무리 생각해도 억울한데 나만...(3)
1166,"딸과 아들을 차별하는 부모님, 진짜 서러워...(30)"
1167,맛있는 밥도둑 김치 3종 만들어 먹기(16)
1168,생일 선물을 준 지인들에 대해 불만만 이야...(62)
1169,사람들이 날 만만하게 본다는 피해의식이 ...(42)
1170,식단도 운동도 열심히 하는데 살이 너무 안...(62)
1171,같이 먹어놓고 절대 먼저 돈을 안내는 친구...(110)
1172,돈을 빌미로 엄청난 집착과 간섭을 하는 비...(37)
1173,난 대체 왜 우울한 걸까? 이유가 없어서 너...(42)
1174,이별 후 다음 사람 만나는 기간과 타이밍에...(52)
1175,상황별 부부 싸움 누가 더 잘못인 건지 답 ...(147)
1176,동생이 혼전 임신으로 결혼을 한다는데 조...(156)
1177,"퇴사 타이밍 고민, 여러분이라면 언제 퇴사...(24)"
1178,"서비스직은 직장인이 아니라는 친구의 말, ...(52)"
1179,"헤어진 연인에게 온 연락, 전과 다른 연애...(43)"
1180,우리 집 절미 자랑 좀 할게(31)
1181,이런 게 폭식증 증상인가요? 조언 좀 부탁...(32)
1182,연차 쓰면서 업무 인계 제대로 안 해주는 ...(42)
1183,자식 자랑이 너무 심한 어머니가 부담스럽...(42)
1184,결혼식 요일로 인한 시댁과 친정 식구들의 ...(54)
1185,"친구가 없는 나, 시간이 지날수록 무너지는...(32)"
1186,다들 어떻게 살고 계세요? 이런 게 어른이 ...(24)
1187,2년 동안 이렇게 변했어(37)
1188,다른 남자와 손을 잡고 걸어오는 여자 친구...(66)
1189,첫 직장 첫 출근을 앞두고 잘할 수 있을지 ...(21)
1190,청소 관련 자꾸 사소한 거짓말을 하는 남편...(21)
1191,"30대 중반 6년 차 공시생, 집에서 쫓겨났습...(143)"
1192,이런 상황도 직장 내 괴롭힘으로 신고 가능...(14)
1193,"내가 그냥 친한 친구처럼 느껴진다는 여친,...(32)"
1194,우리 집에 고양이인 척하는 사람이 있어요(36)
1195,호감을 거절당한 이후 사내에 이상한 소문...(46)
1196,드라마나 영화 결말에 대해 자꾸 스포를 하...(13)
1197,고시 합격하면 꼭 친척들에게 한 턱 내야 ...(62)
1198,퇴근 전후 상사의 연락 및 이해할 수 없는 ...(23)
1199,제가 문제인 건지 정말 진지하게 묻고 싶습...(31)
1200,오랜만에 쓰는 고영희 님들 일상 4(11)
1201,업무 관련해서 하나부터 열까지 다 알려줘...(23)
1202,결혼 전인데 예비 시댁의 가족 행사 참석해...(82)
1203,사주에 사람 자체가 적은 사주도 있는 건지...(40)
1204,"스트레스 저항 능력이 너무 약한 나, 어떻...(28)"
1205,"힘든 퇴근길, 나만의 소소한 힐링(9)"
1206,아이들 키우느라 돌보지 못한 나를 다시 바...(26)
1207,재회 후 결혼까지 해서 잘 살고 계신 분들 ...(37)
1208,술 조절이 너무 안 되는 남편 때문에 점점 ...(43)
1209,엄마 아빠 외모에 비해 아이가 너무 못생겼...(92)
1210,"회사 선배와의 트러블, 제가 예민한 건지 ...(20)"
1211,퇴사하고 싶다는데 계속 휴직 처리만 강요...(12)
1212,이게 집안 환경의 차이인가요? 이해가 가지...(77)
1213,자유 시간에 좀 더 생산적인 일을 해보고 ...(6)
1214,우리 망한 옷 쇼핑 대결하자(39)
1215,"결혼 얘기 중 알게 된 상황, 여러분이라면 ...(67)"
1216,펫로스 후 다시 반려동물 입양해 보신 분 ...(54)
1217,친구에게 열등감을 느끼며 자존감이 낮아지...(23)
1218,"나 때문에 여행을 안 가겠다는 엄마, 제가 ...(41)"
1219,"4년 연애 끝 이별, 겨우 버티고 있는 내가 ...(13)"
1220,계속되는 우울증과 무기력을 어떻게 극복해...(12)
1221,여행 시즌이 도래한 알래스카(10)
1222,"입사 1주 차인 병아리 신입, 일을 너무 못...(50)"
1223,집안일 관련 남편이랑 싸웠는데 누가 잘못...(84)
1224,경도 난청 판정을 받은 내게 회사 상사가 ...(24)
1225,과도할 정도로 여직원에게 먼저 연락을 하...(28)
1226,"소개팅녀의 화법, 내가 쫌생이인 건지 기분...(69)"
1227,아들만 편애하고 차별하는 엄마에게 효도하...(24)
1228,우리 집 김구름씨 좀 보고 가세요(30)
1229,내 인생에 사랑이라는 감정을 또 느낄 수 ...(30)
1230,어릴 적부터 계속 이어온 엄마의 차별과 비교(18)
1231,"자괴감이 드는 회사 생활, 출근길이 점점 ...(25)"
1232,다들 원래 이렇게 사는 거죠? 저만 힘든 거...(56)
1233,집에서 먹는 마약 꼬마 김밥(25)
1234,이렇게 특별한 이유 없이 공무원을 그만두...(69)
1235,"잘난 척이 심한 친구와 손절 고민, 너무 감...(47)"
1236,학원이 물품 보관소인 줄 아는 사람 때문에...(20)
1237,"점점 도가 지나치는 홀시어머니의 행동들, ...(63)"
1238,우리 집 앞에 고의적으로 쓰레기를 무단 투...(19)
1239,"남편과 아내의 싸움, 어느 쪽이 맞는지 판...(84)"
1240,충효 일기와 산수 일기를 아시나요?(13)
1241,매일 메모할 종이를 달라는 단골손님 때문...(52)
1242,29살 물경력 직장인의 이직 고민 조언 부탁...(50)
1243,돈이 아깝게 느껴지는 남자 친구와의 연애(60)
1244,제가 신랑에게 과한 요구를 하는 건가요? ...(81)
1245,행복하게 사는 친구를 보면 좋으면서도 부...(30)
1246,예의 있게 헤어지는 방법이 뭔지 도통 모르...(49)
1247,다들 짜장 라면 좋아해?(38)
1248,나와 싸울 때마다 시어머니에게 다 말하는 ...(74)
1249,포기밖에 남지 않은 걸 알면서도 미련이 버...(17)
1250,맞춤법 틀리는 친구 기분 나쁘지 않게 교정...(91)
1251,연애할 때 남자 친구 앞에서의 내 모습이 ...(18)
1252,내가 예민한 건지 남편이 잘못하는 건지 판...(43)
1253,다이어트 성공하고 옷 쇼핑! 하루하루가 정...(17)
1254,가족끼리 이러는 게 정상인 건지... 인연을...(59)
1255,욱할 때마다 고래고래 소리를 지르며 내게 ...(60)
1256,내가 내 용돈으로 물건 사는 게 그렇게 큰 ...(50)
1257,"당황스럽고 현타오는 회사 생활, 돈 벌기 ...(7)"
1258,내가 힘들 게 번 돈을 쉽게 생각하고 당연...(22)
1259,엄마가 마지막까지 지키다 간 8남매(41)
1260,친구도 안 만나고 가족들과도 연락을 잘 안...(89)
1261,무기력한 나로 인해 더 힘들어하는 주변 사...(26)
1262,이런 답답한 부모와 같은 미래는 만들고 싶...(8)
1263,"말없이 나를 피하는 직장동료의 행동, 어떻...(22)"
1264,똑같은 이유로 또 헤어지게 될까 봐 용기를...(11)
1265,떡볶이 좋아하시는 분?!(64)
1266,냄새나는 상사 해결책은 있나요? 조언 부탁...(64)
1267,"6년 차에 퇴사, 더 나은 미래를 위해 잘한 ...(24)"
1268,다이어트 중 저처럼 1일 1식이 안 맞는 사...(36)
1269,돈은 어떻게 해야 잘 모을 수 있는 건지 조...(23)
1270,사는 게 사는 것 같지 않고 마음에 병이 든...(24)
1271,"친구 한 명이 없는 나, 너무 외로울 땐 어...(70)"
1272,아침에 눈 떠 저녁에 눈을 감을 때까지 게...(98)
1273,"쩝쩝거리면서 먹는 남친, 매 식사 때마다 ...(62)"
1274,따뜻한 말은 고사하고 부정적인 말 좀 하지...(20)
1275,업무 능력도 기본 예의도 없는 빌런 후임 ...(21)
1276,저희 집 귀여운 고영희씨 3탄(16)
1277,돈 빌릴 때만 연락하는 남편의 15년 지기 친구(48)
1278,남초 직장에서의 첫 사회생활을 앞두고 조...(39)
1279,회사와 집에서 안 힘든 척 포커페이스 하는...(21)
1280,가난은 영원히 벗어날 수 없는 게 맞나 봅니다(54)
1281,엄마가 퇴근길에 사자 봤대(15)
1282,연락 문제 관련 시댁도 아니고 친정에게 스...(50)
1283,"많이 의지하고 있던 직장 상사의 퇴사, 조...(8)"
1284,내 대학 등록금 때문에 몸이 아파도 일을 ...(32)
1285,남자 친구와 남녀 목욕탕 예절 문제로 싸웠...(80)
1286,"자존감이 낮은 친구, 왜 제가 자존심이 상...(33)"
1287,핵매운치즈볶음면 레시피! 드루와용 드루 와!(7)
1288,너무 제멋대로인 동생과의 잦은 다툼 관련 ...(70)
1289,더 늦기 전에 결혼하고 싶은데 내가 아직 ...(45)
1290,결혼이 장난도 아니고... 이런 친구의 결혼...(29)
1291,회사는 휴무하라는데 우리 팀은 출근하라는...(12)
1292,업무 관련 통화를 할 때마다 구시렁거리며 ...(5)
1293,개똥같이 말 해놓고 잘 못 알아먹는다고 답...(16)
1294,"계속되는 층간 소음 민원, 뭘 더 어떻게 해...(25)"
1295,화나면 욕을 하는 남편과 정말 이혼을 해야...(41)
1296,2개월 된 말티푸 이름 추천 부탁해!(245)
1297,"연애에 외모가 미치는 영향, 내 자격지심인...(113)"
1298,사생활과 관련된 질문을 많이 하는 상사 퇴...(24)
1299,"인생이 끊임없이 꼬이기만 하는 나, 진짜 ...(33)"
1300,"30대 중후반 커플의 데이트 비용, 이게 정...(243)"
1301,사부작사부작 요리 좋아하는 17살(82)
1302,본인 부모와 연 끊었으니 친정 부모와도 연...(65)
1303,들어온 지 한 달밖에 안됐는데 퇴사하는 게...(26)
1304,챙기고 싶지 않은데 안 챙기자니 눈치가 보...(7)
1305,"친척들로 인한 강제 합가, 이 상황을 어찌...(44)"
1306,남의 집에서 얻어온 음식들을 주면서 생색...(17)
1307,이 상황에 힘들고 화가 나는 제가 이기적인...(26)
1308,심심해서 쓰는 나의 여러 가지 알바 경험과...(13)
1309,"수술 후 이상해진 어머니의 행동, 치매 초...(31)"
1310,"잘하는 게 하나도 없는 나, 스스로가 참 한...(29)"
1311,결혼식 이후 연락 안 할 친구의 결혼 축의...(131)
1312,우리 아이만 놀리는 친구 대처 방법 좀 알...(45)
1313,"Midnight Sun, 백야가 시작되다(4)"
1314,다들 힘든 세상인데 나만 못 견딘 것 같아 ...(30)
1315,"쉽게 화가 나는 직장 5년 차, 인내심 관리 ...(41)"
1316,따뜻한 남편의 말 한마디에 힘이 나는 하루...(21)
1317,"말을 함부로 하는 직장 동료, 이런 팀에서 ...(12)"
1318,맛과 비주얼 보장! 패밀리 레스토랑 가서 ...(18)
1319,요크셔테리어 정말 귀엽지 않아?(64)
1320,"자존감이 바닥을 치는 회사, 그냥 퇴사해도...(21)"
1321,전 연인과의 연애 흔적들을 깨끗하게 정리 ...(32)
1322,"남친 선배의 선 넘는 말, 웃으며 넘어갔어...(51)"
1323,우울감을 극복한 나만의 방법이나 팁이 있...(66)
1324,"점점 자존감이 떨어지는 아내, 조언 좀 부...(25)"
1325,그룹이 나뉜 회사 내 뒷담화 대처 방법 좀 ...(19)
1326,인복 없는 사람이 따로 있는 건지... 인생 ...(33)
1327,원하지도 않는 고가의 선물을 주고 보상을 ...(36)
1328,"25kg 감량, 비만이신 분들 절대 운동하지 ...(39)"
1329,학창 시절 따돌림 트라우마로 사람들의 눈...(6)
1330,시골에만 있기에는 아까운 비주얼(33)
1331,타지역으로 이직을 고민 중인데 조언 부탁...(14)
1332,형편부터 차이 나는데 비교하는 부모 때문...(29)
1333,하루도 안 빠지고 매일매일 엄마와 통화를 ...(70)
1334,여자 친구와 있으면 나 자신이 너무 비루하...(35)
1335,손이 느리고 편한 일만 하려 하는 동료에 ...(20)
1336,"아직 40대인데 치매가 온 엄마, 제가 뭘 할...(36)"
1337,취업 후 독립을 앞두고 불효자가 된 것 같...(27)
1338,같이 식사 후 돈 계산 여러분들은 어떻게 ...(53)
1339,결혼 후 점점 더 멀어지는 친구들에게 느끼...(58)
1340,"뭘 해도 뜨는 화장, 왜 이러는 건지 조언 ...(66)"
1341,갑자기 날 무시하며 선을 긋고 시비를 거는...(41)
1342,잠수 이별을 당한 이후 극심한 후유증을 겪...(25)
1343,"자신감도 자존감도 바닥, 다들 무슨 재미로...(27)"
1344,어버이날 선물 이 정도면 성공...?(20)
1345,사람들과 관계를 형성하는 건 대체 어떻게 ...(36)
1346,"부담감이 컸던 중간고사, 부모님 반응이 너...(46)"
1347,"입사 3개월 차에도 계속되는 실수, 팀원들...(27)"
1348,회사 생활 인사 문제 관련 상사에게 한 소...(13)
1349,자꾸 임신에 대한 조바심과 걱정이 생겨 고...(30)
1350,"너무 자주 싸우는 커플, 결혼해도 괜찮을까요?(60)"
1351,잘하는 것도 하고 싶은 것도 없는 내 삶이 ...(20)
1352,혼자만 힘든 것도 아닌데 툭하면 힘들다 징...(32)
1353,제가 너무 철이 없는 건지 현실적인 조언 ...(39)
1354,부모와 절연 후 뒷감당은 다 내 몫인 것 같...(26)
1355,우리 아파트에 누가 이런 거 붙여놓음(30)
1356,"생활비 때문에 매번 생기는 싸움, 저축은 ...(213)"
1357,일머리가 없어도 이렇게 없을 수 있나 싶은...(50)
1358,운동 없이 절식하는 다이어트 중인데 요요...(55)
1359,매번 이상한 남자만 만나는 자존감 낮은 친...(28)
1360,결혼하신 분들은 언제 결혼에 대한 확신을 ...(38)
1361,공부는 안하고... 너무 배고프다(12)
1362,이직 제안이 왔는데 어떻게 해야 할지 고민...(44)
1363,"남자친구의 애매한 이성관계, 제가 예민한 ...(53)"
1364,입사한지 3주밖에 안됐는데 벌써 퇴사하고 ...(57)
1365,입양 간 고양이 다시 찾을 수 있을까요?(48)
1366,"팀 내 빌런처럼 느껴지는 나의 모습, 왜 이...(25)"
1367,"부모가 4명인 나, 어떻게 해야 할지 정말 ...(90)"
1368,잘 놀지도 못해서 아쉬운데 거기에 통금이...(44)
1369,결혼기념일 선물로 아내에게 무엇을 주면 ...(37)
1370,"시도 때도 없이 갑자기 눈물이 나는 나, 왜...(17)"
1371,오늘은 내가 우리 집 잔반 처리사(12)
1372,모든 걸 다 아는 척하는 회사 직원과 대화...(24)
1373,나만 은근히 깎아내리고 우습게 만드는 사...(38)
1374,희생하며 살아왔는데 힘들다는 남편을 이해...(57)
1375,내게 너무 소중한 존재이자 너무 가증스러...(18)
1376,드디어 독립! 시원섭섭하고 걱정도 되지만 ...(11)
1377,어버이날 용돈 문제 때문에 남편에게 서운...(76)
1378,고기 먹으려고 상추 씻는데...(70)
1379,내 마음 편하자고 친구에게 상처를 주는 게...(38)
1380,"전문직 종사 중, 눈 낮춰 결혼하고 싶지는 ...(137)"
1381,헤어진 지 8개월째인데 술만 마시면 전화를...(70)
1382,싸울 때마다 대화가 잘 안되는 남편 때문에...(44)
1383,조건이 다른 두 개의 회사 중 어느 곳을 가...(23)
1384,"남친과의 연락 문제로 인한 갈등, 조언 부...(31)"
1385,음악 입시 준비 중인데 어떻게 하면 좋을지...(30)
1386,할머니께 행복한 나들이 선물(6)
1387,내가 돈에 너무 집착하는 건지 궁금해(18)
1388,해주는 것도 없으면서 맨날 공부만 하라고 ...(57)
1389,가면 쓰고 살다가 자아를 잃고 가식적인 사...(24)
1390,나를 사랑해 주는 사람 vs 내가 사랑하는 사람(28)
1391,회사 생활 스트레스 어떻게 이겨내야 할까요(10)
1392,저녁만 되면 생각나는 맛있는 야식들(23)
1393,다른 사람에게 자기 자식에 대한 욕을 늘어...(18)
1394,"화가 나는 남친의 행동, 마마보이인 건지 ...(20)"
1395,외할머니가 무당이라는 이유로 남친과 자꾸...(39)
1396,가망 없는 짝사랑 이제는 정말 그만하고 싶...(26)
1397,알래스카 특유의 축제 'Slush Festival'(9)
1398,머리로는 안 된다는 걸 알면서도 갈팡질팡...(14)
1399,재혼하는 친구의 결혼식을 가야 할지 잘 모...(57)
1400,제가 너무 적게 먹는 건지 봐주세요(144)
1401,부정적이고 불만 많은 사람과 긍정적인 사...(61)
1402,"화장실을 더럽게 쓰는 부장님, 대체 왜 이...(23)"
1403,해도 문제고 안 해도 문제인 이혼을 하는 ...(68)
1404,내 타자 치는 소리가 너무 커서 스트레스라...(55)
1405,5년 연애 후 이별을 받아들이기가 너무 힘...(29)
1406,이혼한 아빠를 닮았다는 이유로 동생과 날 ...(44)
1407,이직을 고민 중인데 여러분이라면 어떻게 ...(45)
1408,담당자가 있음에도 분야 상관없이 업무를 ...(11)
1409,결혼하고도 시답지 않은 우정 타령을 해대...(32)
1410,"이게 맞나 싶은 엄마와 딸의 관계, 대체 뭐...(14)"
1411,이런 친구와는 손절을 해야 하는 건지 짜증...(48)
1412,한 달 적정 월급은 얼마? 항상 돈이 부족한...(81)
1413,"점점 각박해져가는 세상 속, 9년 연애하고 ...(19)"
1414,건물을 드나드는 노숙자에게 아무 조치도 ...(22)
1415,오십 보 백 보이긴 하지만 무슨 소리가 더 ...(10)
1416,지금 알래스카는 새우잡이 시즌!(13)
1417,"날 불안하게 했던 예비 시누, 역시 사람 일...(22)"
1418,본인 주변 사람들의 요구를 나에게 떠넘기...(16)
1419,일을 가르쳐 주는 게 선배의 무조건적인 의...(39)
1420,"나이가 들수록 아쉬운 것, 이런 게 어른의 ...(22)"
1421,내 가게 레시피를 훔쳐가 다른 이름으로 판...(16)
1422,식당에서 반찬이 맛없어도 메인만 맛있으면...(57)
1423,손해 보는 걸 너무 싫어하는 제 성격 때문...(14)
1424,무슨 샐러드 먹을지 골라주라(38)
1425,비밀이 많고 자신의 이야기를 하나도 하지 ...(62)
1426,직장에서 여직원들끼리 잘 지낼 수 있는 방...(74)
1427,"또래보다 모은 돈이 부족한 나, 괜히 조급...(62)"
1428,"겉과 속이 다른 내 마음, 이럴 때는 어떻게...(9)"
1429,취미로 그리는 내 그림체 어때?(35)
1430,남의 집 자식들과 자꾸 비교를 일삼는 엄마...(33)
1431,엄마 바보인 신랑과 아들 바보인 시모가 점...(25)
1432,30살에 직업 변경을 고민 중인데 늦은 걸까요?(37)
1433,중고 거래로 올려놓았던 물건을 우리 아기 ...(52)
1434,"밥풀아, 너무 보고 싶고 항상 사랑해(16)"
1435,돈 문제 관련 기브 앤 테이크가 안되는 얌...(32)
1436,남친에게 예뻐 보이고 싶은 게 그렇게 죄인...(76)
1437,가족 여행에 집착하는 시부 때문에 스트레...(22)
1438,너무 심한 층간 담배 냄새 해결할 수 있는 ...(35)
1439,친구 결혼식에서 커플 사회를 부탁받았습니다(21)
1440,그때 그 시절 띠부띠부씰(27)
1441,하루에도 수천 번씩 남들과의 비교를 일삼...(54)
1442,입만 열면 거짓말에 빵까지 훔쳐 간 알바생...(27)
1443,매번 내 음식을 한 입씩 뺏어 먹는 식탐 심...(35)
1444,"절친이 없는 30살의 삶, 인생을 잘 못 산 ...(56)"
1445,이런 것도 가정 폭력인 건지 내가 오버하는...(38)
1446,고마운 직장 상사분께 어떻게 보답하면 좋...(45)
1447,살 빼야 하는데 단기간 다이어트 팁 좀 알...(54)
1448,직장 다니면서 친구를 어디서 어떻게 사귀...(19)
1449,이러지도 저러지도 못하는 상황인데 헤어져...(18)
1450,카페에서 먹은 아침 식사(15)
1451,연인 간의 신뢰에 대해 의견 좀 부탁드립니다(49)
1452,"특이한 성격을 가진 나, 혹시 병인 건지 한...(31)"
1453,직장 사람들과의 모임 관련 누구 의견이 맞...(18)
1454,"타인과 비교하는 삶에서 오는 현타, 이런 ...(14)"
1455,친한 친구가 결혼하는데 서운한 분들 계시...(43)
1456,머리가 길면 남자들이 쳐다본다며 자르라고...(34)
1457,퇴사 결정 이후 내게 관심을 보이는 사람들...(14)
1458,조금 많이 음식을 만드는 사람 16(45)
1459,자기 아들은 대접 받길 바라는 시어머니(25)
1460,35살인데 좋은 사람 만날 수 있을지... 마...(194)
1461,날 만만하게 보는 회사 사람들을 대처할 수...(32)
1462,썸인 건지 그냥 활발한 아이인 건지 마음을...(31)
1463,층간 소음 때문에 내 꿈이 다 망가져가는 ...(47)
1464,"아이가 태어난 후 부부의 용돈 문제, 제가 ...(39)"
1465,제가 갑질을 당한 건지 아니면 제 잘못인 ...(14)
1466,"누수에 적반하장인 윗집 태도, 누구 잘못인...(44)"
1467,결혼을 생각했던 남친과 헤어지고 마음 정...(33)
1468,연차는 물론 연차 수당 및 공휴일까지 없는...(26)
1469,억대 연봉을 받는다는 사실을 숨긴 친구에...(167)
1470,연인 또는 배우자와 싸울 때 어디까지 싸워...(25)
1471,"집안까지 욕하는 대학 선배 룸메이트, 조언...(25)"
1472,곰이와 여우 일상 15(5)
1473,"돈 걱정 없는 삶, 내 인생을 버리고 갈아 ...(58)"
1474,20대 후반에 최저 시급 받으며 일하는 게 ...(69)
1475,바보처럼 일머리가 너무 없는 성격 때문에 ...(32)
1476,"열 번 찍어 안 넘어가는 나무 없다는 말, ...(135)"
1477,돈 때문에 엄마와 대판 싸웠는데 제 잘못인...(38)
1478,너네는 순대 뭐에 찍어 먹어?(131)
1479,"퇴사를 하는 게 맞는 걸까, 계속 근무를 하...(36)"
1480,학생부터 직장인이 된 후에도 부모님 압박 ...(37)
1481,"커플의 대화, 누가 잘못한 건지 판단 좀 부...(96)"
1482,"오후가 넘도록 깜깜무소식인 월급, 대체 왜...(51)"
1483,이사 비용 문제로 친구가 서운하다는데 한...(74)
1484,고양이들이 자꾸 절 따라옵니다(66)
1485,회사에서 일 잘하는 것보다 중요한 게 있나요?(41)
1486,나만 없었으면 행복했을 거라며 날 낳은 걸...(127)
1487,나르시시스트 부모님과 깔끔하게 연을 끊을...(23)
1488,우울한 또는 잉여로운 삶을 살다 극복하신 ...(16)
1489,아기 천사 냥이 토리입니다(21)
1490,고객이 진상인가요? 카페가 융통성이 없는 ...(150)
1491,양가 용돈 문제 관련 남편과 아내의 서로 ...(113)
1492,"시댁이 싫어지니 덩달아 미워지는 남편, 좋...(27)"
1493,영원할 줄 알았던 사랑이었는데 그건 나만...(27)
1494,업무를 안주는 상사와 일 안 한다고 눈치 ...(18)
1495,남자 친구와 결혼 타이밍이 안 맞아 걱정입...(51)
1496,"지인에게 들은 충격적인 여친의 과거, 혼란...(166)"
1497,대학생 딸과 같이 살고 싶다는 시어머니 거...(42)
1498,"중고 신입, 불안감이 심한데 이직을 해야 ...(26)"
1499,뭐 하나 빠지는 게 없는 남친 때문에 자존...(16)
1500,서른 넘어서는 이별 안 하고 결혼할 수 있...(44)
1501,시부와 재혼한 분 호칭을 어떻게 불러야 할...(44)
1502,결혼 전 연애 중 있었던 일에 대한 사과를 ...(56)
1503,요즘은 별일이 없는 게 행복인 것 같다는 ...(22)
1504,"내 자존감 상승을 방해하는 자들, 저는 어...(25)"
1505,사과받아놓고 나중에서야 기분 나쁘다는 사람(36)
1506,현재 생활에 만족하며 살지 이직을 해야 할...(38)
1507,내가 베푼 호의에 대해 보상받고 싶어 하는...(76)
1508,진짜 결혼은 상대만 괜찮다고 다 되는 게 ...(28)
1509,왜 이렇게 우울하게 살아야 하는 건지... ...(26)
1510,말 같지도 않는 것들로 사사건건 참견하는 ...(19)
1511,친구 없는 분들 주말이나 쉬는 날에 뭐 하...(50)
1512,우리 부모님 연애편지인데 귀엽지 않니?(29)
1513,"각각의 장단점이 있는 헬스장, 어느 곳을 ...(56)"
1514,사회가 두렵다며 아무것도 안 하고 집에만 ...(44)
1515,저처럼 엄마와 사이가 안 좋은 분들 또 계...(26)
1516,자꾸 내 마음의 발목을 잡는 행복했던 과거...(21)
1517,이런 집안 환경을 가진 제가 결혼이란 걸 ...(42)
1518,직장 내 나를 싫어하는 듯한 직원은 무시가...(16)
1519,초코케이크 만들어봤는데 어때?(38)
1520,솔로 기간 4년 째인데 다들 어떻게 연애 시...(53)
1521,"가족력 때문에 건강 염려증이 심한 나, 어...(24)"
1522,현 회사에 남아야 할지 새로운 회사로 이직...(39)
1523,답답한 시댁 문제 관련 객관적인 조언 부탁...(54)
1524,부부간의 약속은 융통성 있게 어겨도 된다...(43)
1525,말 함부로 하는 습관은 대체 어떻게 고쳐야...(61)
1526,회사 생활하면서 극혐인 부류에 대해 말해...(125)
1527,호의를 당연하게 생각하는 사람들 때문에 ...(20)
1528,어색한 형님과 언제쯤 편하게 지낼 수 있을...(24)
1529,1004냥이 애꿍이들 자랑해요 - 막내 톨이(10)
1530,거리 두기 중인 15년 지기 친구관계를 어떻...(39)
1531,나라는 존재가 세상에 사라졌으면 좋겠다는...(32)
1532,가정환경이 좋은데도 낮은 자존감과 눈치를...(33)
1533,사적인 친분을 원하는 직장 동료가 부담스...(25)
1534,"빌라 주차 문제, 어떻게 해결하면 좋을지 ...(15)"
1535,카페에서 먹은 맛있는 아침 식사(9)
1536,신혼부부가 월세로 시작하는 게 그렇게 안 ...(227)
1537,왜 가족 중에 나만 이렇게 힘들게 사는 건...(24)
1538,상사 때문에 퇴사하고 싶은데 참아야 하는 ...(11)
1539,"하루하루가 늘 따분하고 무료한 나, 다들 ...(28)"
1540,공부하기 전 책상 빌드업(29)
1541,"도저히 이해가 가지 않는 언니, 진짜 내가 ...(32)"
1542,목표가 잡히니 무기력했던 삶이 조금은 홀...(15)
1543,생활 소음과 취침시간문제 관련 누가 배려...(67)
1544,"모든 걸 엄마에게 맞추고 살았던 나, 이젠 ...(4)"
1545,뭐만 했다 하면 자식을 죄인 취급하는 부모...(7)
1546,돈보다 좋은 사람을 만나는 게 더 중요하다...(19)
1547,1004냥이 애꿍이들 자랑해요 - 둘째 곤(11)
1548,"결혼 후에도 계속되는 비교와 잔소리, 다른...(20)"
1549,이렇게 아껴가며 사는데도 돈이 안 모아져...(71)
1550,시댁 가족들 번호 저장을 안한 나를 이상하...(64)
1551,마감 시간도 되기 전에 나가라고 눈치를 주...(46)
1552,어린이집 체벌 관련 증거 획득이 먼저인지 ...(62)
1553,"연애에 있어서만 자존감이 낮은 나, 조언 ...(12)"
1554,언제쯤이면 잊힐까요? 아니 잊히긴 하는 걸...(21)
1555,너무 사랑하는데 헤어져야 한다는 게 받아...(56)
1556,나이 들수록 시간은 더 빨리 간다더니 너무...(35)
1557,매번 손해만 보는 착한 성격 고칠 수 있는 ...(30)
1558,부족하게 시켜 매번 눈치 보게 만드는 시댁...(122)
1559,알래스카의 하드락 카페를 소개합니다(6)
1560,멍청한 사회 초년생인 저의 징징거림 좀 들...(28)
1561,배부른 고민이라는 걸 알지만 너무 스트레...(11)
1562,"10년 차 직장인의 퇴사 고민, 이젠 한계인 ...(40)"
1563,현재의 연애가 정말 행복한데 왜 자꾸 전 ...(56)
1564,시도 때도 없이 자신의 일상과 기분을 공유...(34)
1565,지금까지 내가 가졌던 신념이 잘못된 건지 ...(8)
1566,하루 섭취하는 칼로리가 너무 적은 건지 한...(33)
1567,"옷 살 때마다 실패하는 나, 직장인분들 옷 ...(69)"
1568,진짜 궁금해서 그러는데 코 마스크는 왜 하...(18)
1569,남자는 후폭풍 여자는 선폭풍이라던데 왜 ...(16)
1570,"불편한 선생님의 행동들, 내가 너무 예민한...(27)"
1571,콜센터 직원에서 사회복지사로 이직을 고민...(58)
1572,여행 사진 털이 2-1탄 - 호주(9)
1573,이게 이렇게 짜증까지 내면서 컴플레인을 ...(37)
1574,다 마시지도 않고 버리기만 할 음료수를 계...(39)
1575,"사랑이라는 감정을 잘 모르는 나, 제 자신...(27)"
1576,식단과 운동 열심히 하는데도 안 빠지는 살...(37)
1577,급이 맞지 않으면 헤어져야 하는 건지... ...(61)
1578,예민한 사람은 대중교통 말고 택시만 타고 ...(64)
1579,"아직도 꿈이 없는 24살, 지나간 시간들이 ...(42)"
1580,남편분들 자녀 육아와 교육에 얼마나 동참...(46)
1581,"임신 준비 중 느끼는 불안함, 난 아직 엄마...(39)"
1582,인생의 두 갈래 길 중 어느 쪽을 택해야 할...(16)
1583,"만 원의 행복, 기분 좋은 하루였어요(28)"
1584,이게 다이어트 강박 및 식이장애 초기 증상...(7)
1585,돈보다 삶과 행복이 우선이라 생각하는 중...(15)
1586,사내연애 중인 직장 동료가 너무 꼴 보기 ...(79)
1587,결혼 전에 원래 이렇게 많이 싸우는 게 맞...(46)
1588,"글 쓰는 게 취미인 나, 평가 좀 부탁해요(102)"
1589,"사는 게 너무 지옥같이 느껴지는 나, 저 좀...(97)"
1590,룸메이트가 지갑을 훔쳐 간 것 같은데 어떻...(33)
1591,방 없이 지낸지 수년째인데 언제까지 참아...(66)
1592,"유치원 교사, 너무 지긋지긋하고 힘들어서 ...(183)"
1593,일할 때마다 신경 쓰이는 옆자리 상사의 음...(37)
1594,나이 33살에 진로 고민 중인데 어렵고 막막...(40)
1595,학창 시절로 돌아가 내게 1년이라는 자유 ...(22)
1596,말랑거리는 물살 뺄 수 있는 최고의 다이어...(15)
1597,"짧은 연애 후 이별, 이런 경우 재회 가능성...(20)"
1598,어떤 생각과 행동으로 엄마를 대해야 할지 ...(24)
1599,평범한 가정에서 자라온 친구들이 정말 부...(31)
1600,이런 남편과는 도대체 어떻게 소통을 해야 ...(40)
1601,동업자 언니와 계속 잘 지낼 수 있을지 마...(38)
1602,네일 받고 왔는데... 내가 예민한 걸까?(74)
1603,진심으로 좋아하는 사람에게 연락해 보고 ...(36)
1604,집안일 관련 사소한 부분이 자꾸 거슬리는...(49)
1605,시댁 식구들을 어느 정도 챙겨야 하는 건지...(85)
1606,편애 받아놓고 자신을 K 장녀라고 주장하는...(23)
1607,회사에서 출근이나 퇴근할 때 인사 관련 다...(30)
1608,알래스카 빙하를 찾아서(11)
1609,"순수하고 해맑은 아이, 그저 지켜보기만 해...(45)"
1610,매일 내 외모를 지적하는 직원의 심리가 대...(70)
1611,조금 먹는데도 찌고 잘 안 빠지는 나잇살 ...(42)
1612,미안하다고 하는 게 먼저 아닌지... 내가 ...(13)
1613,귀여운 울 집 냥이 꼭 자랑하고 싶었어(24)
1614,이런 경우에는 어떻게 다이어트를 해야 하...(22)
1615,자꾸만 무의미하다고 느껴지는 내 인생(21)
1616,"헤어질 때마다 늘 자존감이 하락하는 나, ...(20)"
1617,손위 형제의 결혼식 선물이나 축의금 적정...(32)
1618,코로나 의심 증상이 있는데도 괜찮다며 만...(30)
1619,곰이와 여우의 일상 14(3)
1620,알바비의 일부를 맡기라는 부모님 맞는 걸...(59)
1621,"청첩장 안주는 친구의 결혼식, 내가 먼저 ...(76)"
1622,내가 감당할 수 있는 시댁 환경이 아닌 것 ...(38)
1623,애정 결핍이라는 건 시간이 지나면 극복할 ...(34)
1624,퇴근 후 업무 전화 못 받았다고 내가 예의...(11)
1625,"우울증을 앓고 있는 나, 유학 문제 때문에 ...(29)"
1626,엄마께 드리는 한 달 생활비로 얼마 정도가...(72)
1627,아무리 말해도 뭐가 중요하고 뭐가 문제인...(9)
1628,남편과 직원들 간의 친분 다들 어디까지 이...(38)
1629,밤만 되면 이유 없이 우울이라는 감정과 싸...(29)
1630,벌써 3번 째인 택배 도난 사건 관련 조언 ...(32)
1631,우리 집 고영희 보고 가세요(19)
1632,단식 이후 돌아오지 않는 식욕을 어떻게 하...(25)
1633,사람들과 대화하고 관계를 유지하는 게 너...(13)
1634,"직장 후배의 결혼식 축의금, 받은 만큼만 ...(35)"
1635,열심히 하루하루를 잘 살아내다 보면 행복...(6)
1636,"승진했는데 되레 월급이 줄은 회사, 어떻게...(29)"
1637,태블릿 PC로 그려본 그림들(29)
1638,"정말 사랑했던 사람과 헤어진 후, 이것도 ...(41)"
1639,밑 빠진 독에 물 붓기 같은 엄마와 연 끊고...(20)
1640,회사에서 스트레스 받으면 다들 어떻게 푸...(61)
1641,구구절절 재미없는 인생 살아내기가 너무 ...(20)
1642,육아 중 제가 못됐다는 남편의 말이 자꾸 ...(47)
1643,여행 사진 털이 1탄 - 그리스(9)
1644,남이 잘 되는 걸 잘 못 보는 내 성격 고칠 ...(106)
1645,결혼 전으로 갈 수 있다면 모든 걸 다 포기...(44)
1646,내 업무 능력이 이렇게 형편 없었나 싶어 ...(16)
1647,지금 이대로가 좋은데 자꾸 결혼 이야기를 ...(40)
1648,"한 번씩 폭주하듯 화를 내는 나, 인격에 대...(37)"
1649,감정 기복이 심한 걸까? 노력하다 지쳐 마...(3)
1650,여러분이라면 두 개의 회사 중 어떤 선택을...(9)
1651,내가 만들어 놓은 서류 양식을 말도 없이 ...(9)
1652,한심한 남친과 헤어질 수 있게 제게 쓴소리...(53)
1653,나의 확고한 취향을 이상하다고 생각하는 ...(51)
1654,스무 살이 되고도 부모님이 돈 쓰는 거 간...(35)
1655,그냥 자랑하려고 올리는 고양이(27)
1656,기싸움에 지지 않고 강단 있는 사람들의 특...(60)
1657,젊은 마인드를 가진 시댁이 너무 좋고 행복...(35)
1658,"기분파 상사 대처 방법, 어느 장단에 맞춰...(30)"
1659,며칠째 계속 열려있는 옆집 문이 신경 쓰입...(26)
1660,"힘든 친구의 돈 부탁, 20년 우정도 돈 앞에...(51)"
1661,연봉 이야기하다 친구와 싸웠는데 제가 이...(51)
1662,사내 카페 진상 손님 어떻게 대처하면 좋을...(64)
1663,내 마니또의 정체를 알게 됐는데 사랑에 빠...(32)
1664,이런 상황에서 둘째를 낳는 게 맞는 건지 ...(89)
1665,고3 때 찍은 사진들 보니까 기분 이상해(12)
1666,제가 친구들에게 손절당할 만큼의 잘못을 ...(63)
1667,내가 병간호해 드리는 걸 당연하게 생각하...(38)
1668,혼잣말을 너무 많이 하는 옆자리 직원 때문...(33)
1669,취준생인 내 앞에서 자꾸 결혼 부심을 부리...(40)
1670,"결혼 4년 차, 점점 아이 생각이 없어지는데...(96)"
1671,받는 만큼만 일하고 싶은데 점점 더 일을 ...(28)
1672,모든 사람들이 나를 욕하는 것만 같은 나쁜...(43)
1673,미련이 남은 상대에게 사랑을 바라고 상처...(41)
1674,"출근할 때마다 택시를 타는 나, 저 같은 분...(120)"
1675,인간관계에서 세한 느낌이 느는 사람과는 ...(38)
1676,연 끊은 시댁 다시 보기 싫은데 조언 좀 부...(29)
1677,점심시간에 사무실에서 코를 골며 자는 회...(46)
1678,다른 사람에 감정에 공감 자체가 안 되는 ...(16)
1679,막무가내로 우기는 상사는 어떻게 대응해야...(8)
1680,우리 할머니가 그린 그림 보고 가!(47)
1681,"분수에 맞지 않는 명품 소비, 제가 왜 이러...(103)"
1682,여태 꼼꼼히 일한 건 생각도 안 하고 한번 ...(12)
1683,"생활비 관리 문제 관련 부부의 생각 차이, ...(54)"
1684,30대인 내가 연애만 하면 화를 내며 어깃장...(51)
1685,"시험관 중인데 임신, 출산한 친구들을 대하...(36)"
1686,말만 총무지 하는 일이 없는 신입 4개월 차...(22)
1687,"무통보 독립한 날 찾으러 다니는 가족들, ...(21)"
1688,어떠한 연민도 존경심이나 존중 따위도 느...(17)
1689,"생활비 문제로 인한 아내와의 다툼, 제가 ...(186)"
1690,"딸 보는 재미로 사는 나, 인생의 낙이 없고...(35)"
1691,우리가 바로 시고르자브종 오둥이 23(23)
1692,과거의 일이 너무 후회될 때는 대체 어떻게...(36)
1693,"내겐 아직 악몽으로 남아있는 기억, 엄마가...(25)"
1694,"무뚝뚝한 남친과 애교 많은 남사친, 마음이...(35)"
1695,잘해주면 더 바라는 남편 때문에 정말 미치...(50)
1696,울 강아지 무지개다리 건너서 울고 있었는...(66)
1697,1년에 한 번씩 이직하는 남친과 미래를 약...(48)
1698,"아버지와의 싸움, 제가 뭘 잘못한 건지 모...(113)"
1699,다들 열심히 재미있게 사는 거 같은데 난 ...(26)
1700,남친의 이런 사소한 거짓말 정도는 괜찮은 ...(27)
1701,"나잇값을 전혀 못하고 있는 스물다섯, 나는...(23)"
1702,"내가 찼지만 차인 기분, 이미 끊어진 동아...(25)"
1703,자기 주제도 모르고 다른 사람들을 헐뜯고 ...(29)
1704,내일모레가 마흔인데 이직할 수 있을지 현...(14)
1705,비혼 주의자의 축의금 문제 관련 제가 너무...(43)
1706,7살 된 치와와 보고 가세요^^(38)
1707,아이를 낳고 기르면서 나 자신도 점점 성숙...(23)
1708,이 힘든 상황들을 버텨내고 이겨내는 게 맞...(10)
1709,연봉 차이 많이 나는 동갑 커플의 데이트 ...(57)
1710,아픈 엄마에게 아이들을 맡기는 동생 때문...(81)
1711,대부분의 사람들의 헤어진 연인을 불편해하...(26)
1712,내 이름은 이태식 6(16)
1713,"사는 것에 희망을 못 느끼는 나, 뭘 바라보...(53)"
1714,가족이 있지만 가족 없이 혼자 살아가는 분...(34)
1715,다른 사람의 말에 상처받지 않고 대범하게 ...(28)
1716,하루 종일 기침 해대며 불편하게 만드는 과...(8)
1717,부모님에 대한 미움이나 상처가 없는 분도 ...(27)
1718,우리가 바로 시고르자브종 오둥이 22(8)
1719,나만 놓으면 끝날 관계인 걸 알면서도 놓지...(30)
1720,코로나 걸린 직원들 때문에 몇 달째 혼자 ...(29)
1721,술만 먹으면 약속을 안 지키는 남편 때문에...(33)
1722,"돈 관리 방법으로 인한 남편과의 다툼, 조...(36)"
1723,바람피운 것도 아닌데 환승 이별이 그렇게 ...(90)
1724,"회사에서 가스라이팅을 당하는 중, 하루하...(26)"
1725,2년 차 새댁의 요리 & 밑반찬 모음 19(16)
1726,이런 빌런이 회사 상사일 경우 어떻게 대처...(21)
1727,이 친구에게 나는 도대체 뭐였던 건지 회의...(26)
1728,잘못한 사람은 언젠간 벌을 받게 될까요?(26)
1729,귀여운 고양이용 슬리퍼(33)
1730,내 생각을 본인의 생각인 양 따라 하며 가...(19)
1731,"자신감이 없어 아무것도 하기 싫은 워킹맘,...(20)"
1732,나 스스로가 회사에서 쓸모없다고 느껴질 때(15)
1733,"댕댕이를 떠나보낸 지 8개월째, 시간이 약...(41)"
1734,내 생년월일과 명함을 달라고 한 여자 친구...(56)
1735,친하게 지낸 시간들이 다 부질없다고 느껴...(16)
1736,매일 일상이 되어버린 집 밥 & 베이킹(15)
1737,요즘 들어 심해진 퇴사 욕구 때문에 고민입...(30)
1738,이런 상황에 새로운 인연을 만나는 것도 환...(42)
1739,능력도 없으면서 노력하는 팀원들을 경계하...(12)
1740,이미 지나가버린 인연에 대해 조언 좀 부탁...(9)
1741,과거에 얽매이거나 비교하지 않고 행복하게...(17)
1742,나 어릴 때 인생이 많이 고달팠나 봐(26)
1743,입시 끝나고 다이어트하려고 하는데 조언 ...(25)
1744,다른 사람의 거절과 혼자가 되는 게 두려웠...(9)
1745,"분위기가 안 좋은 회사, 이직하는 게 맞는 ...(32)"
1746,날 따돌리려 했던 친구가 불쌍해 보이는 내...(20)
1747,"편의점 알바가 원래 이렇게 힘든 건지, 나...(58)"
1748,확진됐는데 경각심 없이 적반하장으로 행동...(14)
1749,귀여운 너구리 포메 4탄(20)
1750,"자퇴를 원하는 아이, 제가 너무 자퇴를 쉽...(88)"
1751,혼자만의 시간이 너무 좋은데 결혼 준비를 ...(66)
1752,하루 종일 노래를 부르는 음치에 박치인 엄...(16)
1753,"날 싫어했던 유치원 선생님, 난 절대 저런 ...(14)"
1754,우리 냥이 자는 거 보고 가(36)
1755,"띠동갑 남친과의 연락 문제, 저에 대한 마...(50)"
1756,저처럼 특별한 이유도 없이 우울감을 느끼...(25)
1757,"연애할 때 서로 다른 연락 스타일, 여러분...(36)"
1758,20살 이상 차이 나는 어린 동생이 너무 불...(59)
1759,남친과 먹는 문제로 서운한데 제가 예민한 ...(67)
1760,"자주 찾아오는 인생 노잼 시기, 인생이 너...(34)"
1761,미래가 그려지지 않는 무직 남친을 기다리...(47)
1762,우리가 바로 시고르자브종 오둥이 21(14)
1763,이런 친정 문제로 부부싸움하시는 분들 계...(48)
1764,누수 문제가 다 우리 집 때문이라며 고소를...(38)
1765,기본적인 맞춤법들을 도대체 왜 틀리는 건...(88)
1766,"야식 먹는 습관이 있는 남편, 새벽마다 시...(31)"
1767,일과 육아 중 한 가지를 선택하라고 한다면...(93)
1768,초딩 때 모았던 스티커 모음집(35)
1769,다이어트 성공 후 온 요요 극복할 수 있는 ...(51)
1770,아랫집의 층간 소음 어디까지 이해해 줘야 ...(31)
1771,오랜 친구에게 담아둔 얘기를 어떻게 꺼내...(14)
1772,딸은 시집가면 남의 집 사람이라면서 챙김 ...(20)
1773,"친구에게 느끼는 이상한 기분, 이런 게 열...(27)"
1774,임신을 하고 나니 친정 부모님이 더 이해가...(32)
1775,사소한 일로 매번 욱하는 남편 때문에 너무...(20)
1776,"어린이집 교사입니다, 부모님들 아이 좀 많...(199)"
1777,사직서 제출 후 출근 문제 관련 조언 좀 부...(48)
1778,구직 중 어떤 회사를 가야 할지 결정을 못 ...(22)
1779,나 아이스크림 담는 거 진짜 잘함(63)
1780,저처럼 일하는 게 죽기보다도 더 싫은 분들...(61)
1781,"걱정부터 앞서는 임신과 직장 생활, 조언 ...(18)"
1782,내로남불 심한 회사 과장님이 진짜 너무 싫...(10)
1783,코 박고 자는 귀여운 우리 냥이(27)
1784,친구 관계를 계속 유지해야 되는 건지 고민...(29)
1785,격렬하게 살기가 싫어질 땐 어떻게 극복해...(67)
1786,마스크도 안 끼고 30초에 한 번씩 기침을 ...(29)
1787,제가 남친에게 이런 생각과 감정을 가지는 ...(25)
1788,입사한 바로 다음 주에 결혼을 한다는 이기...(36)
1789,평범한 가정의 자녀로 살고 싶은 내 바람이...(45)
1790,지방에서 하는 친동생의 결혼식과 시어머니...(138)
1791,4일째 그림 그리는 중(26)
1792,입사 4개월 째인데 방치 수준으로 일을 안 ...(35)
1793,"갈팡질팡하고 있는 재수생, 어떻게 하면 좋...(7)"
1794,자꾸 날 억압하고 자존감을 깎아내리는 엄...(10)
1795,"회사 휴게 시간 관련 갈리는 의견들, 다른 ...(22)"
1796,운전 못 한다고 달달 볶는 상사 때문에 짜...(31)
1797,손에 손 잡고 쇼핑하러 출발!(5)
1798,대학교 얘기만 나오면 눈물이 핑 돌고 마음...(32)
1799,아무 노력도 안 하고 앉아서 돈만 벌고 싶...(14)
1800,"시어머니와 사이가 안 좋은 나, 그냥 무시...(44)"
1801,돈으로 부부 관계에 상하 계급을 나누는 듯...(86)
1802,"서로 타이밍이 안 맞는 썸, 그냥 끝내는 게...(19)"
1803,프리랜서 관리 책임은 도대체 누구에게 있...(10)
1804,44개월 큰 아기냥 호빵이 46(6)
1805,다음 주 첫 출근을 앞두고 사회생활 잘하는...(47)
1806,코로나 확진된 직원들의 업무를 당연한 듯 ...(65)
1807,"자꾸 내 신경을 건드리는 사람, 화가 도무...(5)"
1808,"헤어지고 나서 일어나는 일들, 바뀐 건 없...(28)"
1809,회사에서 다이어트 이야기는 하는 게 아닌...(25)
1810,"내 반려 달팽이, 귀엽지?(33)"
1811,부모님에게서 도망쳐 이제 내 삶을 준비하...(36)
1812,"박봉 중에 박봉인 공무원 월급, 다들 돈 어...(91)"
1813,주차 금지 표지판을 치우고 주차를 하는 사...(22)
1814,본인이 싫다 하고 떠났으니 이제 다시 연락...(8)
1815,빽 없으면 사람도 아닌 건지... 이 현실이 ...(17)
1816,걸리고 싶어 걸린 것도 아닌데 이건 인정해...(10)
1817,취미로 찍은 감성 사진들(35)
1818,"신경 쓰이는 여자 친구의 남사친, 제가 옹...(49)"
1819,부정적인 이야기만 해대는 부장님 대처하는...(17)
1820,힘들 때 어떻게 극복하세요? 제가 너무 나...(26)
1821,여자 화장실을 쓰는 대표님 때문에 퇴사까...(42)
1822,무슨 돈이 있어서 그렇게 놀러 다니는 건지...(50)
1823,이런 남편을 어떻게 이해해야 할지 잘 모르...(68)
1824,부대찌개 야무지게 만들어 먹음(29)
1825,부부 싸움을 왜 하는 건지 정말 이해가 가...(141)
1826,이렇게 생각하는 게 그냥 제 어리광이고 철...(10)
1827,화가 나면 물건을 던지는 남친과는 이별하...(96)
1828,사장님은 좋은데 진상 손님들 때문에 더는 ...(31)
1829,"연상 여친과의 결혼을 서두르는 막내 동생,...(44)"
1830,그냥 괜찮다고 다 지나갈 거라고 위로 좀 ...(47)
1831,막상 교환학생 합격하니 가야 할지 말아야 ...(102)
1832,3월 제철 재소인 우엉으로 만든 요리들(30)
1833,채워지지 않는 무언가가 너무 힘들어 계속 ...(37)
1834,사회는 각자도생이라는 내 생각을 뒤집어 ...(19)
1835,"결혼 12년 동안 변함이 없는 와이프, 제 잘...(99)"
1836,싹싹하지 못해 눈치 보며 사람들을 불편하...(24)
1837,"마음의 준비 중, 곁에 있어도 난 왜 벌써 ...(7)"
1838,좋아하는 일과 편한 일 중 어떤 걸 하는 게...(18)
1839,몇 년이 지나도 잊히지 않을 것 같은 연인...(27)
1840,"업무를 잘 안 주는 회사, 마음이 불편하고 ...(44)"
1841,이건 성격을 떠나 인성 문제인 것 같은데 ...(37)
1842,술자리에 빠짐없이 매번 나가는 여친 때문...(39)
1843,"양식 조리사 공부 중, 오늘 만든 거야(29)"
1844,"어떤 마음가짐으로 삶을 살아야 할지, 제게...(17)"
1845,이게 정말 좋은 사람을 만나기 위한 방법이...(17)
1846,"남친이 마음에 안 든다는 부모님, 생각이 ...(80)"
1847,맞벌이 부부의 육아란? 정답은 없다지만 마...(29)
1848,친구와 공부 문제 때문에 자퇴를 생각 중입...(41)
1849,"소개팅 앱을 종류별로 사용하는 남친, 대체...(112)"
1850,갑작스러운 남자 친구의 이별 통보를 못 받...(31)
1851,아버지가 돌아가셨는데 어떻게 해야 할지 ...(29)
1852,집사야... 뭘 또 만드냐?(15)
1853,평범했는데 결혼 후 외모가 점점 더 좋아지...(56)
1854,"사회 초년생, 몸과 마음에 여유가 없고 편...(26)"
1855,세상에 내 마음대로 안 되는 것 딱 하나가 ...(38)
1856,"첫 데이트 이후, 저 혼자만의 착각인지 조...(43)"
1857,10kg 감량 이후 몸무게가 내려가지 않아 고...(26)
1858,내가 좋아하는 밤 감성 사진들(24)
1859,24살로 다시 돌아갈 수 있다면 어떻게 살고...(146)
1860,"4년째 연애 못하는 중, 이번 생은 그른 것 ...(53)"
1861,직원들끼리의 소통이 없고 개인주의가 강한...(94)
1862,자기 말이 곧 법이라는 엄마 때문에 하루하...(13)
1863,학창 시절 괴롭힘을 당한 뒤로 또래 여자를...(15)
1864,한 살 더 먹은 노총각의 요리들입니다(25)
1865,다이어트하려고 하는데 제 운동 계획 좀 봐...(19)
1866,친척들에게 자식과 집안에 관련된 이야기를...(22)
1867,입사한지 한 달도 안 됐는데 너무 힘들어서...(35)
1868,버티면 나아지겠지 생각하고 살아왔는데......(8)
1869,나이가 나이인지라... 이직에 있어 큰 고민...(9)
1870,"말 없는 사람과의 연애 후 이별, 내 선택이...(21)"
1871,"이런 근무 조건의 회사, 여러분이라면 어떻...(46)"
1872,몇 개월이면 정리될 줄 알았는데 안 잊혀져...(15)
1873,"점심 메뉴, 너희라면 뭘 선택할 거야?(53)"
1874,"퇴사 후 정신과 치료 시작, 전 어떻게 해야...(35)"
1875,같은 반 친구에게 괴롭힘을 당하고 있는 초...(35)
1876,화목한 시댁 분위기가 너무 부러워서 우울...(149)
1877,요즘 젊은 사람들은 대체 왜 그러는 건지 ...(128)
1878,결혼식에 초대하기 싫은 가족이 있을 땐 어...(65)
1879,"알래스카, 까마귀 전시회를 다녀왔어요(8)"
1880,친한 친구가 없어서 학교 가는 길이 두렵고...(43)
1881,헤어진 지 2년이나 됐는데 전 연인에게 온 ...(46)
1882,다이어트 중 못 참고 폭식해버렸는데 조언 ...(34)
1883,고3인데 주변 환경 때문에 벌써 망한 것 같...(19)
1884,학원 강사에 대한 이미지가 원래 이런 건지...(65)
1885,30대 직장인분들은 뭐 하며 시간을 보내시...(90)
1886,게임 중독에 걸려 하루 종일 게임만 하는 ...(38)
1887,"본인이 잘못해도 화를 내는 연인, 연애에 ...(61)"
1888,"뭘 해도 코로나에 안 걸리는 남편, 슈퍼 휴...(63)"
1889,"사내 은따를 당하는 중, 저의 잘못인지 궁...(50)"
1890,남친이 결혼 생각이 있는 건지 없는 건지 ...(80)
1891,알래스카의 스키장과 빙하(11)
1892,밥 먹 배부르게 푹 자기 vs 배고프지만 참...(43)
1893,매번 받기만 하고 절대 베풀지 않는 친구의...(58)
1894,회사에서 다른 사람 전화 당겨 받는 거 저...(30)
1895,같이 여행 간 친구에게 톨비 달라고 하는 ...(55)
1896,역대급으로 최악인 상사 때문에 결국 퇴사...(7)
1897,파스텔톤에 진심인 사람들 드루와!(18)
1898,모든 비용을 다 내가 부담하는 친구 관계 ...(75)
1899,"결혼에 대한 가치관이 다른 우리, 결국 헤...(42)"
1900,스트레스받으면 몸을 때리는 버릇 고칠 수 ...(24)
1901,"남편의 지속적인 바람, 모든 게 다 무너지...(78)"
1902,아기가 하루하루 크는 게 너무 싫고 슬퍼서...(60)
1903,"시한부 가족이 있다는 것, 말을 해야 할지 ...(32)"
